id,pickup_datetime,pickup_latitude,pickup_longitude,dropoff_latitude,dropoff_longitude
id0460798,1/6/2016 22:46,40.75642395,-73.98288727,40.79495621,-73.96245575
id1459187,1/7/2016 7:43,40.74171829,-73.99745941,40.77094269,-73.99089813
id3170220,1/1/2016 10:23,40.75915909,-73.98844147,40.75049973,-73.98303986
id2702679,1/2/2016 14:44,40.77069855,-73.98378754,40.76351166,-73.98886108
id1030517,1/7/2016 6:41,40.79272079,-73.97338104,40.74156189,-73.98548126
id1406151,1/8/2016 8:43,40.75392151,-73.98719025,40.72264862,-74.00804901
id1711156,1/8/2016 13:47,40.72888184,-73.99829102,40.6465683,-73.78327179
id2963782,1/3/2016 9:40,40.76779175,-73.98203278,40.7248497,-73.99897003
id0384971,1/4/2016 11:26,40.77009201,-73.95147705,40.74982452,-73.98810577
id2784662,1/1/2016 12:40,40.79417801,-73.96672821,40.79921722,-73.95910645
id0261626,1/5/2016 6:17,40.74961472,-73.99099731,40.75823212,-73.96614075
id3547396,1/6/2016 12:18,40.77355957,-73.98235321,40.7164917,-73.99583435
id3777029,1/3/2016 2:39,40.76018524,-73.99132538,40.74724197,-73.97904968
id0626331,1/7/2016 17:12,40.76829147,-73.98230743,40.7389679,-73.98721313
id1944036,1/8/2016 16:56,40.75374222,-73.99248505,40.75652313,-74.00170135
id1776403,1/2/2016 18:36,40.75945663,-73.965271,40.70707321,-74.00466919
id0505215,1/8/2016 10:38,40.76803589,-73.96820831,40.77796555,-73.96290588
id3299345,1/3/2016 4:13,40.78675842,-73.97268677,40.77681351,-73.97728729
id1816354,1/8/2016 6:39,40.64464569,-73.78199768,40.72690964,-73.9963913
id1363908,1/4/2016 23:23,40.77843094,-73.95323181,40.787841799999995,-73.94100189
id2128748,1/1/2016 13:40,40.73071289,-73.9852829,40.777511600000004,-73.9486084
id2246540,1/4/2016 12:54,40.69580078,-73.98865509,40.74148178,-74.00452423
id0954629,1/6/2016 0:30,40.74512482,-73.97852325,40.76261139,-73.98888397
id2153880,1/5/2016 16:40,40.77845001,-73.98169708,40.76592636,-73.95469666
id3976511,1/1/2016 3:03,40.76353073,-73.9140625,40.77563095,-73.91468811
id2638525,1/2/2016 17:13,40.75897979999999,-73.98132324,40.76062012,-74.00276184
id3087409,1/2/2016 20:09,40.76857758,-73.86300659,40.77169037,-73.84449768
id3540927,1/1/2016 21:35,40.76586151,-73.98336792,40.74795914,-73.98487091
id0956540,1/1/2016 4:01,40.77629852,-73.97633362,40.734478,-73.99611664
id2436294,1/7/2016 12:30,40.76812363,-73.95586395,40.78543472,-73.94311523
id2193291,1/8/2016 19:09,40.7335434,-73.99945831,40.72006607,-73.99606323
id3454297,1/8/2016 21:10,40.76585388,-73.98137665,40.77366257,-73.97776794
id3782943,1/2/2016 16:30,40.76299667,-73.98166656,40.77009964,-73.98194122
id0068113,1/7/2016 22:20,40.72017288,-73.99887085,40.69383621,-73.99645233
id0508179,1/3/2016 6:14,40.72179031,-74.00468445,40.64336395,-73.78392029
id2832463,1/2/2016 20:58,40.75862503,-73.98486328,40.73192978,-74.00346375
id3327347,1/1/2016 4:37,40.77111816,-73.95933533,40.75675583,-73.98236847
id0970215,1/8/2016 9:13,40.77103424,-73.95079803,40.73736572,-73.9868927
id2830033,1/3/2016 2:47,40.72249222,-73.99179077,40.7491188,-73.98893738
id0114070,1/8/2016 13:55,40.73786926,-73.99212646,40.72334671,-74.00289154
id0166625,1/6/2016 13:10,40.73780441,-73.98818207,40.74773026,-73.98484802
id2557489,1/4/2016 17:26,40.74420547,-73.98104095,40.78216553,-73.98409271
id2565669,1/5/2016 22:10,40.77982712,-73.94698334,40.78745651,-73.95426178
id0988391,1/4/2016 14:40,40.75947189,-73.97460938,40.754100799999996,-73.98863983
id2081581,1/6/2016 6:43,40.75088882,-73.99423981,40.77267075,-73.99299622
id0501338,1/6/2016 23:03,40.72280121,-73.98856354,40.80363846,-73.95128632
id3082915,1/1/2016 0:55,40.74988556,-73.98796082,40.76065063,-73.99839783
id3628326,1/2/2016 11:50,40.73968124,-73.98679352,40.72502899,-73.99603271
id0283212,1/1/2016 18:36,40.75788116,-73.98196411,40.72841644,-73.98770142
id3786027,1/4/2016 1:17,40.72922134,-73.98706818,40.80987929999999,-73.95880890000001
id1044298,1/1/2016 10:20,40.74341965,-73.91945648,40.76317978,-73.97817993
id0419949,1/1/2016 2:46,40.75159454,-73.9756012,40.72473145,-73.98085022
id2469269,1/3/2016 3:59,40.76034546,-73.98774719,40.74980545,-73.99145508
id1162344,1/3/2016 16:15,40.77310944,-73.95818329,40.78389359,-73.95220184
id2027447,1/7/2016 8:48,40.7447319,-73.98510742,40.7553215,-73.97606659
id1652732,1/3/2016 12:49,40.74488449,-73.99523926,40.74234772,-73.98926544
id1651313,1/7/2016 22:01,40.76960754,-73.86341858,40.85665131,-73.8658905
id0587203,1/5/2016 21:04,40.76303864,-73.97821045,40.74475098,-73.99495697
id0493690,1/1/2016 13:08,40.73669815,-73.98419189,40.77416611,-73.87078094
id1825123,1/1/2016 20:05,40.77962112,-73.95055389,40.7768364,-73.94496155
id1829413,1/8/2016 11:18,40.72908401,-73.98434448,40.74933624,-73.96936798
id1400712,1/6/2016 19:15,40.7561264,-73.97855377,40.72253418,-74.00969696
id2026363,1/6/2016 20:47,40.76140976,-73.96725464,40.78297806,-73.98230743
id1834641,1/3/2016 0:08,40.72954178,-73.98100281,40.73209381,-74.00239563
id1897661,1/8/2016 19:41,40.76454926,-73.98368073,40.77778625,-73.9487381
id3236100,1/3/2016 21:38,40.68587494,-73.97322845,40.6832695,-73.96480559999999
id3591771,1/7/2016 18:34,40.79006577,-73.96865845,40.72864532,-74.00004578
id0273217,1/6/2016 14:15,40.76538849,-73.96360016,40.76544189,-73.97171783
id1893277,1/3/2016 3:55,40.73307037,-73.98734283,40.77376175,-73.98779297
id0988595,1/7/2016 17:37,40.70281982,-74.01144409,40.72521591,-73.99534607
id0001248,1/3/2016 14:17,40.75709152,-73.9721756,40.74996185,-73.99378204
id3517475,1/7/2016 11:29,40.78421021,-73.94720459,40.74884796,-73.99172211
id0833820,1/5/2016 20:48,40.77410126,-73.87464142,40.67984772,-73.82769775
id1310559,1/4/2016 18:50,40.7490654,-73.97227478,40.72069168,-73.98226929
id1313573,1/3/2016 3:11,40.74218369,-74.00413513,40.80021667,-73.95845795
id1021794,1/7/2016 23:05,40.73897552,-74.00037384,40.76757431,-73.9870224
id1082162,1/6/2016 4:49,40.74532318,-74.00595856,40.74175262,-73.99576569
id0534908,1/8/2016 5:49,40.73879623,-74.00827789,40.76153183,-73.98471069
id2135869,1/3/2016 0:45,40.77379227,-73.9888916,40.73194122,-73.98519135
id1854021,1/3/2016 8:28,40.74894333,-73.97328949,40.64411926,-73.78624725
id1657148,1/6/2016 11:03,40.76346588,-73.9712677,40.74571228,-74.00556183
id0527945,1/2/2016 19:55,40.75602341,-73.99091339,40.75548935,-73.98097229
id1467151,1/8/2016 7:22,40.64687347,-73.77790833,40.77374649,-73.87050629
id3424699,1/1/2016 20:58,40.76182938,-73.96634674,40.77217865,-73.95012665
id0885928,1/3/2016 12:07,40.73342133,-73.9875412,40.72534561,-73.98107147
id1945615,1/7/2016 7:40,40.75199127,-73.97505188,40.74246597,-73.97814941
id0669421,1/1/2016 2:12,40.78001022,-73.9500885,40.76390076,-73.99395752
id0129052,1/2/2016 18:49,40.69301224,-73.96976471,40.66684341,-73.96512604
id2528063,1/3/2016 15:03,40.758098600000004,-73.95982361,40.72610855,-73.99185181
id1969211,1/4/2016 0:00,40.750701899999996,-73.97719574,40.72648621,-73.98477173
id0000157,1/2/2016 13:39,40.77910995,-73.97392273,40.77182007,-73.97924042
id3152568,1/6/2016 14:50,40.75928116,-73.98848724,40.77394485,-73.98035431
id0658606,1/1/2016 3:53,40.75832367,-73.97434998,40.84164047,-73.93935394
id2900443,1/4/2016 10:24,40.75121307,-73.99372101,40.75889969,-73.98191833
id3076263,1/4/2016 6:02,40.6449585,-73.78206635,40.67736053,-73.80432129
id2328709,1/2/2016 21:08,40.76613617,-73.96044922,40.73320389,-73.98683929
id3999384,1/4/2016 18:39,40.76102829,-73.98477173,40.76698303,-73.98281097
id2826177,1/8/2016 9:17,40.75252151,-73.98944855,40.7582283,-73.98175049
id3964228,1/8/2016 7:08,40.75295639,-73.97662354,40.76285934,-73.9732666
id2732768,1/2/2016 12:16,40.78218079,-73.97885895,40.7749939,-73.95899963
id2582029,1/2/2016 10:53,40.77659988,-73.96201324,40.77054977,-73.96431732
id0354442,1/1/2016 15:18,40.76990891,-73.86349487,40.80392456,-73.95624542
id2715678,1/1/2016 10:11,40.74062347,-73.98190308,40.74940109,-73.99211884
id1764897,1/1/2016 1:48,40.70589828,-73.94300079,40.71421814,-73.95572662
id3376684,1/7/2016 15:29,40.64676285,-73.78981018,40.75922012,-73.98428345
id2470162,1/8/2016 10:22,40.77917862,-73.94771576,40.79001236,-73.95208740000001
id1244075,1/6/2016 9:02,40.72618866,-73.9803772,40.74311066,-73.99260712
id0163170,1/5/2016 9:19,40.76968765,-73.86372375,40.75801468,-73.97782898
id3980952,1/1/2016 1:56,40.75254059,-73.98184204,40.72079849,-74.00404358
id0658582,1/2/2016 18:54,40.77407837,-73.87273407,40.74328995,-73.91805267
id1816907,1/5/2016 8:46,40.78321457,-73.94499969,40.76396179,-73.96181488
id3516854,1/4/2016 9:39,40.71596909,-73.99189758,40.73723984,-73.99047852
id3145124,1/6/2016 22:22,40.75532913,-73.98703766,40.7761879,-73.95562744
id0371138,1/6/2016 22:29,40.76564026,-73.98737335,40.74993134,-73.99149323
id1300469,1/6/2016 8:21,40.74209976,-73.99337006,40.74952698,-73.99116516
id0944806,1/3/2016 12:53,40.77338791,-73.96005249,40.75789261,-73.97144318
id3253878,1/4/2016 7:55,40.64533234,-73.77667999,40.64545059,-73.77677155
id3361353,1/8/2016 9:24,40.76678085,-73.95671844,40.75653839,-73.98201752
id3014456,1/2/2016 19:58,40.78461075,-73.97733307,40.80279922,-73.96392059
id1770378,1/4/2016 15:43,40.75920868,-73.97085571,40.74908066,-73.9779892
id2670271,1/4/2016 15:01,40.7601738,-73.96994019,40.73865891,-73.98542023
id1574713,1/6/2016 21:21,40.76972961,-73.86421967,40.5954895,-73.743927
id0572433,1/7/2016 12:47,40.77776337,-73.9823761,40.77114868,-73.98303223
id1169628,1/3/2016 8:58,40.63459015,-73.96733856,40.63459015,-73.96733856
id3650300,1/1/2016 3:59,40.74251938,-73.98471069,40.70145035,-73.91977692
id2339062,1/1/2016 14:22,40.7857666,-73.96915436,40.74727249,-73.98699188
id2718670,1/3/2016 19:10,40.78993988,-73.94274139,40.78165436,-73.94882202
id3816535,1/3/2016 18:26,40.75043106,-73.9910965,40.74639129999999,-74.00498962
id0823410,1/2/2016 21:35,40.74850464,-73.98918152,40.75725937,-73.98971558
id1892354,1/3/2016 16:37,40.78448105,-73.98092651,40.78015137,-73.9611969
id0155189,1/4/2016 20:13,40.72467041,-74.00178528,40.73552322,-73.99414825
id2885918,1/7/2016 19:44,40.77875137,-73.95825195,40.78308868,-73.97802734
id2831028,1/8/2016 18:55,40.76788712,-73.9829483,40.77340698,-73.98251343
id2904610,1/8/2016 8:23,40.72570038,-74.00756073,40.73666382,-73.99394226
id3338815,1/7/2016 12:55,40.72166061,-73.98361206,40.76810074,-73.8614502
id1324965,1/5/2016 17:39,40.75765228,-73.97782898,40.76890564,-73.98137665
id3476585,1/4/2016 12:32,40.72810364,-74.00540161,40.74595261,-74.00532532
id2498070,1/3/2016 16:11,40.75851059,-73.97538757,40.77394104,-73.95957184
id3204008,1/2/2016 9:28,40.75587463,-73.98117828,40.70504761,-74.01560211
id1865834,1/2/2016 22:27,40.75004578,-73.97255707,40.75595856,-73.98632049999999
id0676556,1/8/2016 13:18,40.74642181,-73.99391937,40.74126816,-74.00527191
id3337487,1/8/2016 12:50,40.75621033,-73.98176575,40.78363419,-73.95465851
id3829724,1/6/2016 15:53,40.73939133,-73.98987579,40.73666,-73.98727417
id3823179,1/1/2016 9:12,40.78900146,-73.97782135,40.79156113,-73.97869873
id1944290,1/4/2016 11:20,40.71817017,-74.00085449,40.69522095,-73.98711395
id3066341,1/7/2016 1:36,40.74723053,-73.98661041,40.79753113,-73.93422699
id1033724,1/3/2016 21:29,40.74773026,-74.00427246,40.74184036,-73.98989868
id3681764,1/6/2016 19:02,40.77534485,-73.95619965,40.78150177,-73.96022797
id3983395,1/6/2016 23:32,40.74679947,-73.98351288,40.73621368,-74.00826263
id0919418,1/2/2016 16:34,40.77926254,-73.96213531,40.72298813,-73.99835968
id3037881,1/1/2016 16:39,40.76882553,-73.96967316,40.7608223,-73.97544861
id0214316,1/5/2016 10:05,40.708911900000004,-74.00229645,40.71339035,-73.99832916
id0261571,1/5/2016 21:20,40.77544022,-73.95188904,40.77035522,-73.96004486
id2280366,1/1/2016 19:47,40.79065704,-73.97635651,40.75334549,-73.96492004
id0790644,1/4/2016 21:36,40.75896072,-73.97515869,40.79938126,-73.96634674
id1693115,1/7/2016 20:54,40.76443481,-73.9776535,40.77432251,-73.98898315
id1700262,1/1/2016 23:30,40.77486801,-73.9547348,40.7834549,-73.95052338
id3722710,1/1/2016 18:50,40.76418304,-73.98680115,40.7648201,-73.97969818
id0436842,1/3/2016 5:50,40.72274399,-73.98831177,40.80228043,-73.93709564
id1914407,1/1/2016 1:42,40.74418259,-74.00667572,40.84742355,-73.92224121
id0752295,1/1/2016 20:02,40.74331665,-73.97992706,40.81020355,-73.92137146
id3830106,1/6/2016 7:34,40.7507515,-73.971138,40.71493529999999,-74.01330566
id3289672,1/5/2016 8:51,40.73376846,-73.99001312,40.72222137,-73.98320770000001
id3098204,1/6/2016 21:49,40.75131607,-73.96815491,40.75643921,-73.96632385
id3778643,1/6/2016 18:54,40.75669861,-73.98186493,40.76341629,-73.9752121
id0044053,1/5/2016 17:54,40.72621155,-73.98345184,40.72069168,-73.98127747
id2890300,1/2/2016 8:52,40.76386261,-73.97320557,40.64324951,-73.7844696
id1940729,1/7/2016 20:37,40.75111389,-74.0045166,40.72664261,-73.99964905
id0508085,1/1/2016 22:16,40.69539261,-73.94947815,40.6880722,-73.9196167
id2181804,1/2/2016 14:40,40.78190994,-73.97226715,40.76956558,-73.96057129
id2750940,1/7/2016 22:07,40.76017761,-73.97070313,40.7629776,-73.97733307
id2668143,1/8/2016 16:14,40.77404785,-73.87445831,40.72191238,-74.00054169
id3365729,1/3/2016 16:10,40.76930618,-73.96728516,40.77746201,-73.98327637
id0082224,1/7/2016 10:26,40.75498581,-73.965271,40.71354675,-74.01381683
id3845001,1/2/2016 15:31,40.77902985,-73.95424652,40.71981049,-73.97499084
id0178667,1/2/2016 22:41,40.76125336,-73.98698425,40.7858696,-73.97626495
id2566237,1/4/2016 16:31,40.76732635,-73.96235657,40.767650599999996,-73.96849823
id0189386,1/4/2016 22:22,40.75174332,-73.96928406,40.73406601,-73.98123932
id1223182,1/6/2016 11:36,40.79347229,-73.97264862,40.78770065,-73.95478058
id0202204,1/1/2016 0:37,40.72003937,-73.98751068,40.71923065,-73.99461365
id0863441,1/4/2016 18:53,40.73748016,-73.99044037,40.76136017,-73.98007202
id3267511,1/5/2016 7:28,40.64699936,-73.78972626,40.74855042,-73.9888916
id3500930,1/6/2016 12:35,40.78915787,-73.95485687,40.74989319,-73.99143982
id0737607,1/6/2016 16:30,40.75364685,-73.98509979,40.76311493,-73.97629547
id3973381,1/7/2016 14:50,40.72570419,-74.00417328,40.64690399,-73.79006958
id3721516,1/5/2016 22:41,40.75925827,-73.98830414,40.7743721,-73.97725677
id1651909,1/3/2016 16:46,40.73532104,-73.99186707,40.73264694,-74.00327301
id1768292,1/5/2016 18:44,40.75231552,-73.98632049999999,40.76283646,-73.98493195
id3862616,1/2/2016 23:22,40.72787857,-73.98514557,40.73934937,-73.98014069
id0959406,1/8/2016 13:30,40.74890137,-73.98421478,40.72418976,-73.99871826
id1188839,1/7/2016 11:43,40.77666855,-73.97717285,40.84135056,-73.94262695
id1514124,1/7/2016 18:04,40.75834656,-73.96876526,40.77934647,-73.95102692
id2859319,1/6/2016 6:32,40.73434829999999,-73.98034668,40.7455864,-73.98708344
id2260177,1/5/2016 18:08,40.65243149,-73.95915222,40.64971924,-73.96604156
id1343806,1/8/2016 8:00,40.77223587,-73.96235657,40.75818253,-73.97162628
id1018598,1/1/2016 0:41,40.77175522,-73.95925140000001,40.77119064,-73.96577454
id1541939,1/4/2016 1:44,40.72053146,-73.98895264,40.67424774,-73.94863892
id2806785,1/7/2016 17:26,40.72874069,-74.00719452,40.76881409,-73.98861694
id2668241,1/5/2016 16:14,40.77401733,-73.96596527,40.792617799999995,-73.97293091
id1737344,1/3/2016 0:13,40.77488327,-73.98444366,40.79548645,-73.97185516
id0147629,1/8/2016 17:56,40.7677269,-73.96421814,40.75248718,-73.97471619
id1743303,1/2/2016 16:21,40.74959183,-73.98143768,40.78065109,-73.96008301
id2260873,1/7/2016 18:29,40.75225449,-73.97220612,40.75579071,-73.99092865
id3318134,1/4/2016 19:42,40.76385117,-73.98571014,40.72217178,-73.98652649
id0752485,1/4/2016 14:51,40.78654099,-73.95467377,40.78336334,-73.97077179
id0997139,1/7/2016 9:28,40.77766037,-73.95484161,40.76060867,-73.97644806
id0898806,1/1/2016 2:33,40.86772156,-73.92144012,40.74671936,-73.92095947
id0291095,1/6/2016 16:15,40.76595306,-73.98091888,40.78577805,-73.95310211
id2614832,1/7/2016 20:58,40.75962448,-73.97680664,40.7367363,-73.95427704
id1982356,1/5/2016 21:58,40.76985931,-73.9623642,40.72573471,-73.99201965
id0460694,1/7/2016 15:08,40.7836647,-73.95267487,40.77078629,-73.96401978
id0262069,1/7/2016 22:48,40.76307678,-73.98575592,40.78472137,-73.98011017
id3904754,1/4/2016 9:41,40.77550125,-73.95008087,40.74599075,-73.98081207
id0166009,1/4/2016 0:39,40.7726593,-73.98146057,40.76084137,-73.97946167
id3050209,1/2/2016 21:29,40.64468002,-73.78193665,40.60057831,-74.08117676
id2926869,1/2/2016 22:47,40.75958633,-73.97834778,40.75014114,-73.9912796
id0736203,1/8/2016 8:29,40.79936981,-73.96295166,40.8291626,-73.94474792
id2493164,1/3/2016 2:55,40.72883987,-73.98473358,40.78296661,-73.94532013
id3365564,1/4/2016 2:52,40.76677704,-73.98286438,40.76565170000001,-73.97650146
id2918798,1/4/2016 22:26,40.75265884,-73.97261047,40.78440475,-73.94767761
id1618254,1/4/2016 15:55,40.73806763,-73.98101044,40.75692749,-73.99019623
id3989718,1/3/2016 13:20,40.76831055,-73.98243713,40.76218033,-73.98724365
id0140041,1/3/2016 20:56,40.73933411,-73.9801712,40.74916458,-73.98387146
id3664543,1/8/2016 15:19,40.76536942,-73.97003174,40.77502823,-73.96309662
id2207165,1/3/2016 22:23,40.7328186,-73.98458862,40.72034836,-73.99681854
id2594511,1/3/2016 11:59,40.77742386,-73.97901917,40.786544799999994,-73.96837616
id3468182,1/7/2016 13:32,40.76419067,-73.97860718,40.76522064,-73.98734283
id1509331,1/4/2016 13:33,40.77934265,-73.95944977,40.78317642,-73.95274353
id3787527,1/7/2016 16:56,40.7156601,-74.0112915,40.70775604,-74.00166321
id2632851,1/4/2016 18:59,40.73485184,-73.9799118,40.78387451,-73.94593048
id3701753,1/1/2016 19:35,40.76835251,-73.98599243,40.76127243,-73.98253632
id1021649,1/3/2016 0:21,40.76982879999999,-73.86374664,40.73926544,-73.97992706
id0797793,1/2/2016 19:16,40.71980286,-73.99185944,40.74373627,-73.97666168
id2682992,1/6/2016 9:00,40.74693298,-73.97264862,40.755786900000004,-73.96856689
id2562339,1/7/2016 19:09,40.75839233,-73.99233246,40.74983597,-73.99564362
id1347179,1/1/2016 15:49,40.77218246,-73.95852661,40.76839828,-73.95560455
id1128045,1/6/2016 17:32,40.74179077,-73.98977661,40.745121000000005,-74.00247192
id3116943,1/3/2016 17:38,40.71979141,-74.00414276,40.74679947,-73.97740936
id3028601,1/8/2016 13:11,40.73638535,-73.9788208,40.70825958,-74.00962067
id2699832,1/6/2016 16:54,40.76131821,-73.97097015,40.78467178,-73.95211029
id3547037,1/1/2016 7:49,40.68992233,-73.97811127,40.70275116,-73.95431519
id0430503,1/4/2016 9:50,40.74287796,-74.00019836,40.75566483,-73.98361206
id3620345,1/6/2016 17:09,40.76538086,-73.96286774,40.77600098,-73.95603943
id1701535,1/8/2016 9:22,40.77141953,-73.95681763,40.77378845,-73.96399689
id2674648,1/6/2016 22:38,40.764171600000005,-73.96859741,40.74309921,-73.97988892
id0343744,1/2/2016 6:56,40.75173569,-73.97746277,40.71764374,-73.99532318
id3628916,1/1/2016 17:18,40.74932861,-73.99259949,40.75317001,-73.97615051
id0116939,1/1/2016 8:41,40.77718353,-73.94631958,40.76144028,-73.95773315
id2418570,1/4/2016 12:24,40.75757599,-73.9611969,40.77757263,-73.96096039
id1599987,1/2/2016 12:27,40.72198105,-73.98650359999999,40.71863174,-73.98819733
id1893677,1/1/2016 11:55,40.72487259,-73.99516296,40.66183472,-73.98155975
id3639150,1/1/2016 19:00,40.787609100000005,-73.97873688,40.77621841,-73.9896698
id0682527,1/2/2016 12:28,40.64536285,-73.77671814,40.75964355,-73.98756409
id2714167,1/3/2016 0:16,40.72668076,-73.99243164,40.74830246,-73.9889679
id3556822,1/2/2016 12:28,40.70815277,-74.00791931,40.72111511,-73.99826813
id2191039,1/2/2016 14:37,40.79363251,-73.96711731,40.7346344,-73.99093628
id2187018,1/6/2016 7:24,40.77946472,-73.98732758,40.75864029,-73.97235107
id3095046,1/1/2016 2:29,40.72283173,-73.9876709,40.73952866,-73.98699188
id3239038,1/6/2016 10:56,40.73524857,-73.98984528,40.75132751,-73.97802734
id2255564,1/8/2016 6:11,40.73482132,-73.98601532,40.78935623,-73.9526062
id2264375,1/7/2016 15:33,40.70293045,-74.01119232,40.71342087,-74.00911713
id1847984,1/7/2016 14:57,40.75227356,-73.97538757,40.71883392,-73.94463348
id3048527,1/6/2016 15:03,40.78675461,-73.95249939,40.76713943,-73.95386505
id1994713,1/4/2016 6:57,40.77072906,-73.95375061,40.74012756,-74.00093079
id2412578,1/8/2016 18:20,40.74039841,-74.00796509,40.71660614,-74.01342009999999
id0184596,1/8/2016 6:34,40.76723862,-73.98267365,40.76271057,-73.97115326
id0019872,1/3/2016 23:33,40.74303818,-73.97728729,40.71586609,-73.97624969
id0236363,1/7/2016 12:46,40.75203323,-73.97858429,40.73722458,-73.98114777
id3983237,1/6/2016 22:13,40.75805664,-73.98565674,40.75908661,-73.98125458
id3955164,1/3/2016 18:53,40.75857162,-73.97666931,40.75035095,-73.99137115
id0772310,1/2/2016 21:41,40.75709534,-73.98996735,40.76211166,-73.9848938
id3002012,1/4/2016 10:20,40.7496109,-73.99137115,40.78057861,-73.94621277
id1770621,1/5/2016 11:24,40.76559829999999,-73.95467377,40.75100327,-73.97419739
id0418286,1/4/2016 21:49,40.75922012,-73.96550751,40.745899200000004,-73.97991943
id2357501,1/8/2016 9:33,40.77606201,-73.97961426,40.77526855,-73.97854614
id2174945,1/2/2016 2:27,40.73337173,-74.00490570000001,40.61450958,-73.95158386
id3821310,1/7/2016 18:43,40.76337814,-73.95498657,40.77610016,-73.96014404
id0730326,1/8/2016 11:40,40.7792511,-73.97760773,40.78907013,-73.97593689
id3060225,1/8/2016 8:56,40.78918839,-73.97025299,40.78767014,-73.97104645
id1130596,1/5/2016 19:54,40.72356033,-73.98524475,40.73436356,-73.98043059999999
id1679389,1/3/2016 8:03,40.78771591,-73.97114563,40.779796600000005,-73.95587158
id2630716,1/7/2016 22:29,40.74812317,-73.98800659,40.7653656,-73.97942352
id3605528,1/6/2016 13:45,40.72968292,-73.99319458,40.71473694,-74.01367188
id1852662,1/6/2016 8:26,40.72927094,-73.99192047,40.70754623,-74.00396729
id0392959,1/1/2016 3:14,40.75146103,-73.99398041,40.78583908,-73.94893646
id2026333,1/1/2016 17:27,40.65284348,-73.95925903,40.67716217,-73.94144440000001
id2802980,1/6/2016 18:43,40.76443481,-73.96720886,40.79557037,-73.93557739
id2477564,1/4/2016 8:53,40.73141479,-73.99026489,40.75666046,-73.98943329
id2802694,1/5/2016 9:31,40.76001358,-74.00287628,40.71796417,-74.00727081
id2220584,1/1/2016 2:08,40.72555923,-74.00514984,40.72277069,-73.99408722
id1335280,1/2/2016 9:34,40.74887848,-73.98851013,40.75590897,-73.99642181
id0554887,1/4/2016 21:36,40.76424408,-73.97290802,40.82904053,-73.94004059
id3216614,1/4/2016 6:47,40.75808716,-73.96303558,40.76440048,-73.95599365
id2257787,1/6/2016 0:14,40.75584793,-73.99093628,40.75876617,-73.96627808
id0788718,1/3/2016 8:13,40.64470291,-73.78183746,40.71745682,-73.94481659
id2832124,1/7/2016 16:08,40.75593567,-73.98722839,40.74635696,-74.00849152
id0387931,1/8/2016 11:11,40.74963379,-73.9834671,40.75112152,-73.97823334
id3119202,1/6/2016 13:30,40.75406647,-73.99950409,40.76810074,-73.98342896
id1221059,1/6/2016 22:20,40.72703171,-73.98277283,40.7574501,-73.9837265
id3832546,1/8/2016 20:42,40.72533417,-73.99240875,40.75953674,-73.98569489
id3027639,1/6/2016 9:10,40.73666,-73.98477936,40.75865555,-73.97860718
id0231575,1/4/2016 18:05,40.77273178,-73.95836639,40.780029299999995,-73.94714355
id1718288,1/2/2016 13:31,40.74963379,-73.99172211,40.77511597,-73.95658875
id0191126,1/1/2016 15:22,40.756591799999995,-74.00151062,40.74974823,-74.0030899
id0905766,1/5/2016 21:35,40.77110291,-73.9618454,40.77552032,-73.94593048
id3313862,1/2/2016 16:03,40.74755096,-73.97679901,40.76180649,-73.97113037
id2223794,1/7/2016 10:31,40.75586319,-73.97728729,40.7611084,-73.97350311
id2543924,1/8/2016 19:56,40.84681320000001,-73.93752289,40.858856200000005,-73.93154907
id1898938,1/5/2016 22:17,40.76361847,-73.97145081,40.77552032,-73.95393372
id1365450,1/1/2016 12:16,40.74514008,-73.9985199,40.75231171,-73.97849274
id2048894,1/6/2016 12:31,40.73891449,-73.97703552,40.77394867,-73.9618454
id3233916,1/2/2016 0:13,40.73545074,-73.99825287,40.74491119,-74.00523376
id1937153,1/1/2016 21:15,40.58388138,-73.87306213,40.55335999,-73.95375824
id0256880,1/7/2016 13:39,40.78086853,-73.98136139,40.76952362,-73.98133087
id2460765,1/3/2016 9:58,40.70517731,-74.01777649,40.71819305,-74.01058197
id3005659,1/1/2016 7:24,40.7649498,-73.9822998,40.87363052,-73.88916016
id3915268,1/6/2016 6:52,40.7505455,-73.99465179,40.72822952,-74.00719452
id0352009,1/6/2016 20:25,40.75054169,-73.97189331,40.77804565,-73.98871613
id1618269,1/2/2016 11:44,40.72061157,-73.98951721,40.73262024,-73.99623108
id2405626,1/2/2016 16:25,40.74895859,-73.97628784,40.72986984,-73.97856903
id2113644,1/5/2016 16:50,40.64784622,-73.80264282,40.64931107,-73.80396271
id2918549,1/6/2016 16:02,40.73892593,-73.98899078,40.70238495,-73.98416138
id2570644,1/8/2016 1:05,40.77507019,-73.96329498,40.75317001,-74.00386809999999
id3309934,1/3/2016 13:04,40.74702835,-73.98613739,40.75751114,-73.97689819
id2835523,1/4/2016 16:44,40.77832794,-73.95867157,40.78397369,-73.95619965
id3846436,1/2/2016 13:48,40.73984146,-73.99507904,40.72502136,-73.9903183
id0546659,1/7/2016 14:16,40.70534134,-74.00474548,40.76510239,-73.9770813
id1099591,1/8/2016 17:37,40.72431946,-73.99761963,40.70986938,-74.00458527
id0620504,1/7/2016 21:03,40.78890228,-73.97813416,40.7845459,-73.95587921
id0513007,1/8/2016 12:23,40.74509811,-73.93319702,40.75544739,-73.94528961
id3197994,1/3/2016 8:37,40.76557159,-73.96334839,40.75080872,-73.94551086
id2376576,1/3/2016 1:40,40.64454651,-73.78209686,40.72119141,-73.99230957
id0438093,1/3/2016 16:24,40.67298126,-73.80116272,40.68235397,-73.80545044
id1539721,1/5/2016 0:25,40.73703384,-73.97840881,40.79399872,-73.94302368
id3105718,1/3/2016 15:27,40.74968338,-73.98816681,40.75643539,-73.98587799
id1255354,1/5/2016 20:48,40.76299286,-73.95954132,40.77630234,-73.96032715
id0235284,1/8/2016 7:54,40.70476151,-74.00766754,40.71495438,-74.00151062
id2426040,1/7/2016 14:30,40.78236008,-73.98090363,40.76419067,-73.98344421
id2234021,1/6/2016 18:18,40.72716141,-74.0032959,40.72462845,-73.99230957
id2627086,1/6/2016 17:42,40.75213242,-73.98912811,40.74433136,-73.97615051
id2951122,1/8/2016 17:03,40.7821312,-73.95782471,40.76538467,-73.96818542
id1073205,1/8/2016 21:24,40.74549866,-73.99888611,40.71680832,-74.00814819
id1717302,1/6/2016 19:33,40.77656555,-73.96274567,40.78229523,-73.94642639
id0950077,1/3/2016 3:05,40.77806854,-73.95445251,40.82056427,-73.95465851
id0821517,1/8/2016 7:58,40.79355621,-73.96630096,40.75550842,-73.97451782
id3416244,1/6/2016 8:11,40.73918915,-73.99559021,40.73863602,-73.98825073
id1389175,1/6/2016 19:47,40.775409700000004,-73.95936584,40.78138733,-73.95581818
id2058464,1/1/2016 1:58,40.7624855,-73.97858429,40.76377869,-73.99733734
id2352865,1/2/2016 8:45,40.78461838,-73.97957611,40.76250458,-73.98648071
id3728606,1/8/2016 14:25,40.72474289,-73.99855804,40.73107147,-74.00665283
id1392634,1/6/2016 0:30,40.80634308,-73.94020081,40.81921768,-73.94074249
id0553959,1/6/2016 12:38,40.78017044,-73.959198,40.77571106,-73.98583984
id1937355,1/4/2016 8:31,40.70932007,-74.01161957,40.71762848,-74.00035095
id1248769,1/3/2016 22:06,40.82119751,-73.93813324,40.87557602,-73.82907867
id1273496,1/4/2016 19:15,40.76292038,-73.96578217,40.77373123,-73.9487381
id3482454,1/2/2016 13:48,40.74392319,-73.98143005,40.71725845,-73.99071503
id0092712,1/7/2016 21:19,40.75572968,-73.98207092,40.78782654,-73.96737671
id1008016,1/2/2016 7:58,40.77724075,-73.9487381,40.8157196,-73.95839691
id1664595,1/8/2016 9:59,40.74197006,-73.99054718,40.72940063,-73.9955368
id3232876,1/7/2016 10:36,40.77692032,-73.97545624,40.76520157,-73.97225189
id3841634,1/4/2016 20:36,40.74047852,-73.98200226,40.77864075,-73.95413208
id0484013,1/7/2016 20:57,40.72758865,-73.99337769,40.76720047,-73.95855713
id2810620,1/6/2016 3:37,40.74896622,-73.98415375,40.71699524,-73.88716125
id1398850,1/6/2016 7:07,40.75054932,-73.99080658,40.73903656,-73.97753906
id3733079,1/6/2016 3:04,40.75553894,-73.99125671,40.75904846,-73.97650909
id2711888,1/1/2016 3:07,40.72385025,-73.9786377,40.74732971,-73.98970032
id1359082,1/6/2016 8:30,40.74624634,-73.99408722,40.74254608,-73.98930359
id0825034,1/2/2016 19:46,40.78144836,-73.95237732,40.76485825,-73.96845245
id3365897,1/4/2016 14:05,40.72833252,-73.85806274,40.72834396,-73.7977066
id0305974,1/6/2016 18:49,40.74929428,-73.9907608,40.70939255,-74.01003265
id2674354,1/1/2016 13:01,40.76405334,-73.95399475,40.761161799999996,-73.98348236
id1752404,1/7/2016 21:28,40.76226807,-73.95710754,40.75712585,-73.9678421
id1301250,1/6/2016 13:04,40.73603821,-73.99356079,40.75224304,-73.9934845
id1293377,1/2/2016 14:36,40.77357483,-73.95989990000001,40.75098419,-73.99046326
id1415109,1/8/2016 11:26,40.76383209,-73.95877075,40.79408264,-73.93674469
id2960469,1/4/2016 16:13,40.77577591,-73.96051788,40.80558014,-73.95442963
id1323842,1/2/2016 17:14,40.7560997,-73.9818573,40.72539139,-73.98738098
id3969227,1/8/2016 7:05,40.73798370000001,-74.00829315,40.75900269,-73.97066498
id1399348,1/8/2016 15:47,40.73701859,-73.98889923,40.74523926,-74.00644684
id3195588,1/4/2016 11:28,40.73899078,-73.98726654,40.74610519,-73.98399353
id1139031,1/7/2016 15:48,40.78467178,-73.95783997,40.75115967,-73.99050140000001
id2837255,1/3/2016 4:38,40.74979401,-73.97344208,40.77541733,-73.9519043
id0525959,1/7/2016 15:58,40.77196121,-73.95587158,40.76434708,-73.95581055
id3540171,1/6/2016 8:26,40.74460983,-73.97901154,40.74921036,-73.97554016
id1135627,1/1/2016 1:36,40.75035095,-73.97304535,40.75775528,-73.98073578
id3046867,1/8/2016 19:33,40.76570892,-73.98052979,40.77157593,-73.95960236
id1464496,1/4/2016 14:46,40.77368164,-73.94586182,40.78419113,-73.95420837
id0982760,1/1/2016 6:53,40.75191879,-73.96752167,40.77212143,-73.93002319
id1409125,1/4/2016 16:38,40.73901367,-73.99460602,40.73815155,-74.0035553
id0585293,1/1/2016 5:32,40.74914169,-73.97762299,40.74042892,-74.00512695
id3420015,1/4/2016 8:22,40.75682068,-73.99771118,40.74113083,-73.98828888
id3210867,1/3/2016 1:01,40.76020432,-73.98552704,40.75080109,-73.99107361
id2066411,1/2/2016 23:17,40.73854065,-73.99179077,40.71969223,-73.99246979
id3544431,1/1/2016 1:17,40.62422943,-74.03079224,40.64876938,-74.00734711
id0494030,1/2/2016 22:51,40.64525223,-73.77671814,40.61074448,-74.00500488
id2275282,1/4/2016 21:08,40.79443741,-73.97126007,40.786258700000005,-73.94246674
id1792215,1/8/2016 21:01,40.71495056,-73.99188995,40.845695500000005,-73.94245911
id2527583,1/2/2016 15:59,40.71926498,-73.99720764,40.76846695,-73.98471832
id0962676,1/3/2016 18:10,40.77131653,-73.95961761,40.6877594,-74.18162537
id0095586,1/2/2016 22:32,40.73714447,-73.99027252,40.75585175,-73.96800232
id2618374,1/5/2016 16:35,40.77421188,-73.87312317,40.71582031,-73.73776245
id2381362,1/7/2016 5:32,40.75717926,-73.9936676,40.75248337,-74.00045013
id3158055,1/3/2016 18:09,40.76130676,-73.98318481,40.75608826,-73.97236633
id2778830,1/7/2016 15:07,40.74512863,-73.98708344,40.73883057,-74.00556946
id2613513,1/1/2016 20:09,40.71894073,-73.99028015,40.706993100000005,-74.00473785
id3321760,1/7/2016 13:48,40.764923100000004,-73.98823547,40.774734499999994,-73.96128845
id2457006,1/3/2016 14:12,40.73984146,-74.00653076,40.72499084,-74.00154877
id2855206,1/6/2016 10:43,40.7792511,-73.9885025,40.75722885,-73.97725677
id3928536,1/3/2016 12:59,40.772529600000006,-73.9608078,40.76548004,-73.9718399
id2794399,1/2/2016 19:12,40.74248886,-73.99556732,40.7326088,-73.98960876
id1230745,1/5/2016 4:01,40.72158813,-73.99337006,40.68253326,-73.92269135
id0032510,1/5/2016 8:37,40.75792313,-73.96138763,40.75767517,-73.97407532
id2912794,1/4/2016 22:28,40.74626541,-73.97982788,40.74497604,-74.00531769
id3673014,1/6/2016 9:06,40.76452637,-73.96424866,40.76511002,-73.95320129
id1097856,1/2/2016 11:20,40.74084473,-74.00759125,40.73477554,-74.00806427
id3534037,1/6/2016 13:18,40.75465012,-73.98339844,40.70460892,-74.01477814
id0727935,1/7/2016 20:14,40.76006317,-73.98171997,40.7878685,-73.94125366
id0768450,1/6/2016 21:23,40.76043701,-73.97152709999999,40.73618698,-73.98649597
id0854461,1/6/2016 11:22,40.73646927,-73.97885132,40.77090836,-73.94680023
id0999508,1/4/2016 18:09,40.72558212,-73.99671173,40.73816681,-73.99633026
id1558278,1/8/2016 21:51,40.74826813,-73.98002625,40.75685120000001,-73.98829651
id2325931,1/8/2016 2:20,40.74117279,-73.98890686,40.74116516,-73.98892975
id2417314,1/7/2016 12:19,40.77001953,-73.98784637,40.80582047,-73.96173096
id0256774,1/2/2016 18:37,40.78792953,-73.97152709999999,40.76557159,-73.98738861
id3202778,1/6/2016 23:00,40.75230026,-73.97727966,40.77539825,-73.9564209
id0777399,1/4/2016 9:10,40.77091599,-73.86594391,40.619991299999995,-74.0298233
id0186735,1/2/2016 10:46,40.75419235,-73.99200439,40.76273727,-74.00093079
id3282327,1/8/2016 19:00,40.7411499,-73.98108673,40.74753952,-73.98000336
id2821516,1/1/2016 3:57,40.72520447,-73.97803497,40.72233963,-73.98718262
id1977913,1/4/2016 9:45,40.70737076,-74.00749969,40.75437546,-73.9719162
id1123525,1/3/2016 15:17,40.74416351,-73.92524719,40.76756668,-73.92314911
id3342335,1/3/2016 0:19,40.76493835,-73.97904205,40.774528499999995,-73.98358917
id1952438,1/6/2016 15:10,40.64535904,-73.77674866,40.7664299,-73.8239212
id1421461,1/6/2016 6:21,40.79005432,-73.96976471,40.78524399,-73.96972656
id0482410,1/5/2016 22:20,40.75669098,-73.98990631,40.76440811,-73.98310089
id0248255,1/4/2016 17:38,40.70973969,-74.00982666,40.77405167,-73.8707962
id2636915,1/3/2016 12:07,40.77591705,-73.98712921,40.74571609,-73.98031616
id0721332,1/8/2016 14:45,40.74861526,-73.98920441,40.75578308,-74.00153351
id0905145,1/3/2016 12:46,40.80383301,-73.94852448,40.74302292,-73.98867035
id1086702,1/4/2016 7:18,40.76739883,-73.95523071,40.75717926,-73.96808624
id3486429,1/8/2016 17:49,40.7751503,-73.96328735,40.7673111,-73.97087859999999
id0929322,1/8/2016 10:19,40.71516037,-74.01605988,40.75601959,-74.00263977
id0578305,1/7/2016 19:03,40.73770523,-73.98060608,40.71670532,-73.98901367
id2173504,1/2/2016 12:39,40.75745392,-73.97826385,40.74565887,-73.98277283
id3756153,1/2/2016 21:11,40.78079987,-73.95874023,40.755008700000005,-73.99884796
id3518302,1/3/2016 15:27,40.75595474,-73.97025299,40.64345551,-73.78422546
id3999983,1/4/2016 14:24,40.74811172,-73.98901367,40.75540161,-73.96653748
id0728787,1/1/2016 3:22,40.74952698,-73.99549103,40.7544136,-73.99687195
id3244068,1/4/2016 8:19,40.76635361,-73.98696899,40.75740051,-73.97982788
id2575412,1/3/2016 15:47,40.75672913,-73.98983765,40.75812149,-73.96453094
id3677862,1/7/2016 17:08,40.74064636,-73.99432373,40.7581749,-73.98358917
id0384874,1/2/2016 7:26,40.80065155,-73.96790314,40.78998947,-73.9730072
id1739960,1/1/2016 18:15,40.72259521,-73.99600983,40.72685242,-73.98348236
id2000316,1/1/2016 4:40,40.74227142,-74.00434113,40.735076899999996,-73.9909668
id3013638,1/2/2016 12:51,40.71963882,-73.98765564,40.75000763,-73.98824309999999
id3777582,1/3/2016 13:42,40.75865936,-73.99240875,40.72756195,-73.97934723
id3480297,1/3/2016 12:23,40.77761078,-73.95497894,40.77946472,-73.95360565
id1766232,1/5/2016 20:37,40.74325562,-73.99243927,40.75552368,-73.97475433
id3448377,1/2/2016 23:38,40.72003555,-73.99321747,40.68307495,-73.95008087
id3163454,1/3/2016 18:34,40.75646591,-73.97572327,40.72922516,-73.98516083
id2209425,1/7/2016 13:27,40.72049713,-74.01005554,40.74325943,-74.00737762
id2811069,1/1/2016 14:53,40.75114059,-73.99409485,40.76200104,-73.95859528
id2796831,1/5/2016 17:11,40.75923157,-73.96543121,40.75197983,-73.9693985
id0659198,1/7/2016 16:46,40.77386856,-73.9455719,40.77870178,-73.95578003
id0923968,1/2/2016 17:00,40.78438568,-73.95206451,40.77537918,-73.95393372
id2629972,1/7/2016 22:50,40.74969482,-73.99722290000001,40.81652069,-73.94029999
id3171338,1/7/2016 18:59,40.78963089,-73.96625519,40.76317978,-73.97361755
id0870835,1/7/2016 20:20,40.75707626,-73.98162842,40.75679779,-73.99043274
id0649262,1/1/2016 4:51,40.72310257,-74.00308228,40.58892822,-73.9718399
id1969148,1/7/2016 12:30,40.76140976,-73.98342133,40.75092316,-73.97634125
id1065716,1/6/2016 11:26,40.77407074,-73.87315369,40.75431442,-73.99271393
id2022340,1/7/2016 12:25,40.7523613,-73.97425079,40.7492485,-73.98053741
id1901114,1/5/2016 21:29,40.74213028,-74.00466156,40.74573898,-73.99369812
id2559141,1/5/2016 9:42,40.73173141,-74.00434875,40.74055099,-74.00184631
id1554356,1/5/2016 9:05,40.78438568,-73.95194244,40.77838516,-73.95895386
id2816232,1/1/2016 12:24,40.76173019,-73.98297882,40.73312378,-73.99829102
id1648295,1/3/2016 0:57,40.74351883,-73.92043304,40.71170807,-73.96631622
id3252608,1/7/2016 17:24,40.77859116,-73.98219299,40.77604675,-73.98719025
id2477936,1/6/2016 22:10,40.77815247,-73.95454407,40.78242874,-73.98067474
id2027638,1/2/2016 20:46,40.753685,-73.98226929,40.72834778,-74.00196838
id0153129,1/8/2016 9:53,40.7444725,-73.97909546,40.7514267,-73.99220276
id1010662,1/4/2016 22:12,40.72476959,-73.99461365,40.70975113,-73.95485687
id0198164,1/2/2016 0:56,40.72937393,-73.98710632,40.75890732,-73.99355316
id3849084,1/8/2016 18:29,40.75392151,-73.96821594,40.77189255,-73.9826355
id0753124,1/1/2016 18:38,40.73391342,-73.99095154,40.71549606,-74.01470947
id2585183,1/4/2016 14:15,40.70727158,-74.01687622,40.70455933,-74.00927734
id0745497,1/1/2016 15:56,40.72361374,-73.9966507,40.71879578,-73.98408508
id1543955,1/7/2016 23:34,40.70597076,-74.00917053,40.73270035,-73.98748016
id3114892,1/8/2016 14:17,40.75467682,-73.97602081,40.75764847,-74.00085449
id3374989,1/8/2016 0:03,40.74753952,-74.00431824,40.78803253,-73.97582245
id0224551,1/2/2016 21:57,40.72250366,-74.00382996,40.72606277,-74.00939941
id2032374,1/3/2016 22:25,40.71419525,-74.00617218,40.71539688,-74.01394653
id2722014,1/8/2016 18:29,40.74371338,-73.99224854,40.72843933,-74.00512695
id0292970,1/2/2016 20:08,40.77418518,-73.98084259,40.71935272,-73.98616791
id2706539,1/7/2016 19:59,40.75083542,-73.98274231,40.72998428,-73.99237061
id3542528,1/8/2016 7:16,40.73317337,-74.00218201,40.7591362,-73.97242737
id2707172,1/1/2016 22:42,40.74517822,-73.99848175,40.6821785,-73.96077728
id2581368,1/8/2016 18:10,40.73263168,-73.98777771,40.72653961,-73.99191284
id1939089,1/8/2016 10:52,40.75987625,-73.96984863,40.75111389,-73.97869109999999
id1528281,1/3/2016 16:23,40.75944901,-73.97937775,40.76437378,-73.97702026
id3581405,1/3/2016 20:19,40.77888489,-73.97779083,40.73254776,-73.99946594
id2148621,1/8/2016 14:22,40.71563339,-74.01137543,40.73573685,-73.98953247
id2090376,1/8/2016 19:39,40.77916336,-73.9776535,40.78613663,-73.95116425
id2025635,1/8/2016 13:43,40.78961563,-73.96627045,40.77048874,-73.96261597
id1664624,1/3/2016 1:53,40.72942734,-73.98989868,40.76414108,-73.96453094
id1275607,1/7/2016 20:46,40.72895813,-74.00068665,40.68894958,-73.99890137
id2339575,1/1/2016 11:53,40.79074097,-73.97487640000001,40.77434158,-73.98171234
id3175787,1/8/2016 6:01,40.74401093,-73.98369598,40.70823669,-73.85350037
id0728766,1/6/2016 19:13,40.75187302,-73.97693634,40.73344421,-74.00629425
id1256464,1/8/2016 15:38,40.77399826,-73.96071625,40.78232956,-73.94606781
id1281805,1/7/2016 19:34,40.763599400000004,-73.98918152,40.74994659,-73.99519348
id2893188,1/3/2016 20:40,40.72505569,-74.00146484,40.7506218,-73.99456787
id1693922,1/8/2016 18:50,40.75437164,-73.96875763,40.74290085,-73.97715759
id2815301,1/7/2016 20:48,40.73152161,-73.99169922,40.71728516,-74.00784302
id1163780,1/6/2016 21:09,40.77690887,-73.94966888,40.79698944,-73.93754578
id1148916,1/4/2016 14:39,40.753349299999996,-73.98889923,40.77928162,-73.96209717
id1460720,1/3/2016 10:38,40.72732544,-73.98543549,40.76120758,-73.9931488
id3381902,1/1/2016 5:00,40.69958115,-73.81529999,40.67424774,-73.82368469
id3398572,1/3/2016 9:28,40.77613449,-73.97609711,40.76827621,-73.96483612
id0972120,1/1/2016 2:34,40.73563766,-73.98978424,40.76820374,-73.96082306
id3826415,1/7/2016 20:26,40.644725799999996,-73.78211975,40.87504959,-73.87573242
id1375291,1/6/2016 7:20,40.7349968,-73.98617554,40.78911591,-73.96653748
id1859862,1/5/2016 23:55,40.75846863,-73.97138214,40.68530655,-73.95897675
id0366561,1/6/2016 14:24,40.77256012,-73.96279144,40.77157593,-73.96321869
id2626341,1/1/2016 20:08,40.73723984,-74.00145721,40.72766113,-73.98510742
id2312090,1/7/2016 9:39,40.74883652,-73.97542572,40.76108551,-73.97212982
id1151619,1/5/2016 19:01,40.75268936,-73.98925781,40.75761414,-74.0002594
id1012937,1/2/2016 20:59,40.74632263,-73.97982788,40.73054886,-74.00006104
id3857567,1/2/2016 23:19,40.72480011,-73.99478149,40.71466064,-73.99725342
id0348466,1/5/2016 16:30,40.7828331,-73.95757294,40.7786026,-73.94566345
id3342742,1/1/2016 19:07,40.75917435,-73.99435425,40.75250244,-73.97859955
id3710965,1/6/2016 14:04,40.76017761,-73.96769714,40.7768898,-73.95928955
id3771371,1/1/2016 2:34,40.74309921,-73.97993469,40.75685883,-73.96781921
id1614908,1/6/2016 15:41,40.76087570000001,-73.97908783,40.76779175,-73.98104095
id1667442,1/4/2016 17:43,40.742420200000005,-74.00049591,40.75965118,-73.98961639
id3303926,1/4/2016 21:59,40.75740051,-73.98433685,40.73971176,-73.98095703
id1046581,1/1/2016 20:35,40.74467087,-73.99687195,40.73691177,-73.97379303
id0717824,1/7/2016 19:35,40.75830841,-73.97077942,40.74507904,-73.98600006
id3960744,1/1/2016 18:41,40.74973297,-73.99060059,40.7420578,-73.98467255
id3590739,1/5/2016 7:49,40.74819946,-73.97102356,40.76060104,-73.98130035
id1047728,1/1/2016 3:51,40.72235489,-74.00392151,40.72457886,-73.98461914
id2860917,1/5/2016 16:26,40.72497559,-73.99684143,40.75803757,-73.9853363
id2830368,1/7/2016 10:32,40.77048874,-73.96211243,40.74501801,-74.00219727
id1730496,1/7/2016 17:56,40.75293732,-74.00301361,40.75983429,-73.99188995
id0762418,1/8/2016 9:55,40.75320816,-73.99654388,40.74089432,-74.00748444
id1179416,1/6/2016 21:11,40.79878998,-73.96849823,40.83003998,-73.94719696
id3543166,1/1/2016 1:39,40.78578949,-73.97638702,40.79642868,-73.9620285
id1343213,1/4/2016 13:30,40.78557968,-73.98029327,40.78042984,-73.98404694
id2842352,1/5/2016 20:33,40.75748062,-73.98516083,40.76889038,-73.98224640000001
id3521228,1/1/2016 1:54,40.79076385,-73.97647858,40.75611115,-73.99414063
id2845079,1/3/2016 21:18,40.77035141,-73.86522675,40.666008000000005,-73.97956085
id3540224,1/1/2016 8:36,40.74468613,-73.98070526,40.74980164,-73.99169159
id2721599,1/6/2016 22:25,40.74000168,-73.99530792,40.72724152,-73.98097229
id2422365,1/1/2016 12:15,40.76073837,-73.96092224,40.76667023,-73.96699524
id2848204,1/5/2016 18:21,40.73202896,-73.99640656,40.7735672,-73.97785187
id1537088,1/5/2016 16:14,40.75880432,-73.97084808,40.73152161,-73.98908997
id2589864,1/3/2016 19:03,40.7497406,-73.97007751,40.74169922,-73.98091125
id2786211,1/4/2016 21:35,40.77124786,-73.98329926,40.75615692,-73.97305298
id2189441,1/7/2016 15:41,40.74540329,-73.98870087,40.74893188,-73.9801712
id3972225,1/1/2016 3:10,40.7243309,-73.94915009,40.71482849,-73.95171356
id0925038,1/8/2016 14:31,40.74449921,-73.99530029,40.73151016,-74.00402832
id2126855,1/4/2016 21:49,40.75902557,-73.97629547,40.77320862,-74.01753235
id2440620,1/3/2016 15:07,40.75242996,-73.96769714,40.74776077,-73.98513794
id3185539,1/6/2016 17:48,40.77434921,-73.9595108,40.77895737,-73.98218536
id3406167,1/1/2016 12:19,40.73488617,-74.00483704,40.71349716,-73.99668121
id3368883,1/3/2016 9:36,40.77376175,-73.8709259,40.64230728,-73.8897934
id3439089,1/3/2016 1:43,40.72851181,-74.00290679999999,40.77103043,-73.95360565
id3645917,1/1/2016 4:33,40.72817993,-73.9993515,40.74188995,-73.98325348
id1536246,1/1/2016 1:42,40.79658127,-73.94705963,40.81061172,-73.93698883
id0134511,1/1/2016 1:07,40.74505615,-73.97846985,40.81837463,-73.93737793
id3362083,1/6/2016 17:20,40.72516251,-73.99710846,40.76443863,-73.98073578
id1832981,1/4/2016 14:42,40.75738907,-73.96988678,40.76966095,-73.96089172
id3707411,1/3/2016 2:03,40.74060822,-74.00772858,40.73720932,-73.98351288
id0492027,1/8/2016 9:31,40.75100327,-73.99419403,40.77266312,-73.99277496
id0661617,1/5/2016 7:42,40.775463099999996,-73.96272278,40.8282814,-73.94902802
id2248412,1/1/2016 4:00,40.74030685,-73.97949219,40.72117233,-73.98687744
id2782948,1/5/2016 0:23,40.81342697,-73.94525146,40.82457352,-73.94061279
id1713038,1/4/2016 9:31,40.76621628,-73.98318481,40.75537491,-73.99478149
id1453025,1/4/2016 1:59,40.64471054,-73.78217316,40.75923157,-73.82360077
id2394194,1/8/2016 9:17,40.74264526,-74.00723267,40.69510651,-73.98397827
id0798996,1/3/2016 19:24,40.77000046,-73.86327362,40.73314667,-73.98664856
id0297938,1/6/2016 23:17,40.64482117,-73.78189087,40.74879074,-73.97077942
id2468484,1/6/2016 4:20,40.78233337,-73.94838715,40.84929657,-73.93875122
id3187196,1/5/2016 18:10,40.75751877,-73.98567963,40.75024033,-73.99130249
id3541255,1/2/2016 2:23,40.75495148,-73.9952774,40.72838974,-73.99983978
id0826821,1/2/2016 9:06,40.768428799999995,-73.86261749,40.75492096,-73.97975922
id2127829,1/5/2016 6:23,40.64712524,-73.78985596,40.70861435,-73.96321106
id1273959,1/6/2016 17:39,40.64433289,-73.78212738,40.644336700000004,-73.78212738
id3562909,1/2/2016 17:40,40.75875473,-73.96566772,40.72236252,-73.97714233
id2898651,1/7/2016 18:37,40.76583862,-73.96788788,40.77391815,-73.96392822
id0869927,1/4/2016 21:39,40.75661469,-73.98964691,40.76570129,-73.983284
id3014141,1/7/2016 21:26,40.75923157,-73.98090363,40.86666107,-73.92421722
id0215245,1/2/2016 15:58,40.78553391,-73.95123291,40.770557399999994,-73.954422
id0065528,1/8/2016 13:15,40.64469528,-73.78186035,40.75365067,-73.97749329
id0063221,1/6/2016 8:08,40.75962448,-73.96501923,40.75195694,-73.97093964
id3466023,1/2/2016 15:23,40.75679398,-73.99003601,40.75367737,-73.99607849
id1431781,1/6/2016 7:28,40.74401855,-73.99910736,40.74937439,-73.99402618
id3342903,1/5/2016 7:49,40.78913116,-73.96678162,40.77283478,-73.98961639
id2066355,1/6/2016 0:14,40.74118423,-73.97858429,40.73124695,-73.98244476
id3912879,1/7/2016 8:48,40.75778579999999,-73.98571014,40.73304749,-73.98867798
id0364993,1/1/2016 2:49,40.731884,-73.98365784,40.71427917,-73.77676392
id1110747,1/2/2016 23:24,40.787323,-73.95446014,40.77613831,-73.947052
id0252044,1/2/2016 17:13,40.78598404,-73.97631836,40.763599400000004,-73.95955658
id2158502,1/6/2016 13:37,40.74866867,-73.98129272,40.74583054,-73.97237396
id2588676,1/2/2016 4:18,40.72245026,-73.98634338,40.75950623,-73.96191406
id1392712,1/4/2016 18:26,40.70973587,-74.01171875,40.71585464,-74.00718689
id2165579,1/5/2016 3:20,40.73017120000001,-74.00042725,40.69416046,-73.926651
id0821425,1/1/2016 19:27,40.75004959,-73.98773956,40.72275925,-73.9884491
id0279217,1/4/2016 8:42,40.73529816,-73.98563385,40.74850464,-73.98412323
id3710754,1/4/2016 12:58,40.76321793,-73.98538971,40.76392365,-73.97676849
id3760578,1/7/2016 5:25,40.808010100000004,-73.96598816,40.76224518,-73.96820068
id2516296,1/1/2016 0:17,40.70306015,-74.00517273,40.72093964,-73.99369049
id0500416,1/1/2016 4:29,40.86253357,-73.90969086,40.83273315,-73.86372375
id1583871,1/5/2016 21:32,40.76348877,-73.97763824,40.7885704,-73.96695709
id0100895,1/8/2016 17:33,40.73772049,-73.97399902,40.73825836,-73.99281311
id1942758,1/2/2016 16:39,40.74859238,-73.98033905,40.75662231,-73.97435759999999
id2224808,1/1/2016 1:55,40.75652695,-73.92086792,40.74380112,-73.90562439
id2995041,1/1/2016 6:19,40.64451218,-73.78186798,40.74817276,-73.83320618
id3237860,1/5/2016 10:34,40.74375153,-73.99494934,40.72481918,-73.99233246
id3464962,1/8/2016 17:40,40.7680397,-73.96624756,40.77008057,-73.98090363
id3904945,1/2/2016 21:17,40.72423935,-73.99420166,40.76338959,-73.98529053
id1847300,1/7/2016 5:19,40.75256729,-73.98606873,40.75954437,-73.99036407
id2865606,1/3/2016 1:16,40.75893784,-73.98856354,40.77347946,-73.9577713
id0076188,1/6/2016 4:38,40.73882294,-74.00357819,40.77278519,-73.92370605
id3082852,1/5/2016 1:56,40.72603607,-73.98950958,40.76133347,-73.96060181
id1968941,1/1/2016 7:27,40.76690674,-73.9901123,40.74336624,-73.98001862
id1588241,1/5/2016 22:01,40.76126099,-73.97599029999999,40.75870132,-73.96858215
id3137405,1/3/2016 9:07,40.70938873,-74.01174164,40.7491684,-73.99185181
id3000003,1/7/2016 14:31,40.77405548,-73.87432098,40.76303101,-73.98192596
id1470697,1/6/2016 19:28,40.76073837,-73.97360229,40.76990128,-73.9611969
id1970015,1/7/2016 17:06,40.75463104,-73.97954559,40.76315308,-73.98449707
id2519312,1/5/2016 8:34,40.7504158,-73.97465515,40.76028824,-73.96737671
id0460784,1/3/2016 2:27,40.74821854,-74.00021362,40.72211075,-73.99671173
id3616797,1/3/2016 0:10,40.7595787,-73.99176025,40.74184418,-73.99723816
id3095128,1/7/2016 11:09,40.71772385,-74.01387024,40.70468521,-74.01661682
id0013028,1/8/2016 17:36,40.74385834,-73.98509979,40.78401947,-73.95652008
id2785118,1/2/2016 14:16,40.76362228,-73.97329712,40.75485611,-73.97135925
id0023706,1/6/2016 7:23,40.77471161,-73.94810486,40.74401474,-73.97651672
id2858240,1/4/2016 17:52,40.78656006,-73.95275879,40.77651978,-73.96006012
id1973545,1/1/2016 13:43,40.73249054,-73.98782349,40.71317291,-73.99275970000001
id1167998,1/7/2016 19:55,40.77322388,-73.98195648,40.76062393,-73.97732544
id1443031,1/8/2016 11:41,40.76273727,-73.98278809,40.74835587,-73.97634888
id1771575,1/8/2016 2:55,40.76024628,-73.98638153,40.745925899999996,-73.90005493
id3697077,1/1/2016 11:32,40.76472092,-73.96408844,40.759758000000005,-73.97488403
id3810873,1/2/2016 20:34,40.75956345,-73.98314667,40.75962448,-73.98517609
id1765109,1/1/2016 20:07,40.72702408,-73.98889923,40.73036575,-74.00035858
id1114874,1/2/2016 21:07,40.75564957,-73.97949219,40.75294876,-73.99324036
id3784540,1/8/2016 8:03,40.78451538,-73.95426178,40.72354889,-74.0034256
id0569142,1/5/2016 23:32,40.76028824,-73.96824646,40.78958893,-73.9697113
id1053186,1/2/2016 0:57,40.72928238,-73.98708344,40.71883774,-74.01093292
id1048372,1/8/2016 7:23,40.73642349,-73.98500061,40.78364944,-73.95529938
id3445970,1/2/2016 14:25,40.75014877,-73.98787689,40.77338791,-73.94680786
id3442490,1/7/2016 13:20,40.77711868,-73.94635773,40.76665115,-73.98152161
id0609063,1/8/2016 16:10,40.75156021,-73.98692322,40.75059128,-73.97736359
id3606699,1/1/2016 4:32,40.74814606,-73.98780823,40.76462555,-73.94719696
id2634906,1/7/2016 12:17,40.76644135,-73.95249939,40.78406906,-73.98027802
id3593445,1/1/2016 1:58,40.73271942,-73.9852066,40.810112,-73.94492340000001
id3900675,1/1/2016 2:20,40.75838089,-73.97019196,40.78248978,-73.97799683
id0230343,1/6/2016 7:40,40.75791168,-73.98950958,40.76231003,-73.98518372
id2180429,1/8/2016 8:45,40.74634171,-73.97992706,40.73748016,-73.98408508
id3531889,1/6/2016 18:14,40.75775146,-73.99307251,40.72867584,-73.98791504
id2329612,1/4/2016 22:32,40.72713089,-73.98867798,40.66114426,-73.96108246
id3292320,1/7/2016 23:11,40.75351715,-73.98901367,40.82580185,-73.93919373
id3723212,1/2/2016 10:10,40.7653656,-73.99765778,40.75754929,-73.99053192
id2191233,1/6/2016 13:11,40.75653076,-73.97466278,40.76351166,-73.97792053
id3728814,1/8/2016 21:21,40.76485062,-73.99195862,40.751972200000004,-73.96970367
id0328331,1/5/2016 10:08,40.75072861,-73.99106598,40.77835846,-73.96284485
id0356825,1/1/2016 3:36,40.73727798,-73.97924042,40.73439789,-73.97857666
id0154528,1/7/2016 10:09,40.77678299,-73.95966339,40.74581528,-73.98004913
id1652138,1/3/2016 0:12,40.74581528,-73.97837067,40.72721481,-73.99141693
id2166569,1/8/2016 19:27,40.75914383,-73.97629547,40.75361633,-73.97761536
id2403147,1/6/2016 22:03,40.75665283,-73.97378540000001,40.75781631,-73.96542358
id2150281,1/2/2016 21:40,40.76917648,-73.96112823,40.77949905,-73.9516449
id2333287,1/8/2016 1:08,40.7269783,-73.99149323,40.77455139,-73.98219299
id3255138,1/2/2016 22:37,40.72537994,-73.98409271,40.70492172,-74.00724792
id2118198,1/1/2016 11:31,40.75844193,-73.96595764,40.73724365,-73.98121643
id1948589,1/3/2016 13:41,40.70214844,-74.01309967,40.72256851,-73.99912262
id1509813,1/5/2016 18:29,40.76228333,-73.91165924,40.76792145,-73.90140533
id2515307,1/2/2016 9:27,40.77924728,-73.95800781,40.76982117,-73.95085907
id0736443,1/2/2016 9:55,40.64839935,-73.78376007,40.72774506,-73.9991684
id1056324,1/3/2016 19:30,40.76417542,-73.99532318,40.76397705,-73.99521637
id1264333,1/2/2016 19:55,40.64857101,-73.78427887,40.74684143,-73.99048615
id0009899,1/6/2016 22:09,40.72558975,-74.00910187,40.6882782,-73.99960327
id1095553,1/5/2016 10:27,40.75735092,-73.99349213,40.753711700000004,-73.99913788
id1355723,1/1/2016 4:04,40.70669937,-74.01612854,40.69007111,-74.00021362
id3312872,1/6/2016 20:26,40.75970078,-73.96873474,40.78507233,-73.95507049999999
id2135201,1/4/2016 5:21,40.76134872,-73.98703003,40.77420044,-73.87129211
id2431101,1/3/2016 1:50,40.72592926,-73.98655701,40.7155304,-73.94793701
id3326784,1/8/2016 7:29,40.74949646,-73.9919281,40.73634338,-73.98327637
id2643001,1/1/2016 16:49,40.76366425,-73.96766663,40.77246094,-73.96698761
id0049286,1/7/2016 9:31,40.75354004,-73.98535919,40.75880814,-73.9786377
id0946952,1/3/2016 18:15,40.75339127,-73.96931458,40.73918152,-73.98007965
id2703653,1/7/2016 17:41,40.67790604,-73.97286987,40.68292618,-73.96433258
id3165050,1/1/2016 21:11,40.75965881,-73.98558044,40.76893997,-73.98127747
id0157890,1/8/2016 9:51,40.70502853,-74.01618958,40.7326355,-73.991745
id1404142,1/3/2016 17:19,40.75912094,-73.98425293,40.74727249,-73.99302673
id1516427,1/4/2016 18:50,40.71970367,-74.01040649,40.71341324,-74.0131073
id2887025,1/5/2016 19:31,40.74694061,-73.98159790000001,40.73524857,-73.98570251
id1920809,1/2/2016 14:31,40.77667236,-73.95118713,40.74259949,-73.99258423
id0527376,1/3/2016 11:07,40.72729111,-74.034729,40.727211,-74.03476715
id3253088,1/7/2016 10:44,40.76382828,-73.96794128,40.7360878,-73.98501587
id3234425,1/3/2016 15:46,40.64733887,-73.78885651,40.74153137,-73.99354553
id2457144,1/6/2016 9:20,40.78567505,-73.97813416,40.76388168,-73.97640991
id1217891,1/6/2016 19:00,40.76594162,-73.98313141,40.78686142,-73.97561646
id2104080,1/3/2016 15:41,40.75276184,-73.98032379,40.76993179,-73.86456299
id3868116,1/4/2016 15:02,40.75939941,-73.98666382,40.64884186,-73.78285217
id0860984,1/7/2016 15:07,40.72570801,-74.00700378,40.77119827,-73.96414185
id3678512,1/6/2016 19:03,40.76086044,-73.96827698,40.76708984,-73.95429993
id1156544,1/6/2016 11:23,40.77313995,-73.98201752,40.76343918,-73.98558807
id2873841,1/6/2016 15:43,40.74484634,-73.9875946,40.75014114,-73.98130035
id2580857,1/4/2016 18:51,40.78352737,-73.95217896,40.76683426,-73.96109009
id3529810,1/4/2016 9:55,40.73060989,-74.00676727,40.72240829,-74.00151062
id1040965,1/8/2016 16:26,40.71134186,-74.00800323,40.75106812,-73.97814178
id1859915,1/8/2016 6:40,40.77497482,-73.98448944,40.7768898,-73.95323944
id2573436,1/4/2016 20:12,40.778759,-73.98626709,40.77059174,-73.98558807
id2559632,1/2/2016 18:25,40.79642105,-73.96846008,40.78356934,-73.9779129
id1150930,1/2/2016 19:14,40.755916600000006,-73.97322845,40.73810196,-73.98751068
id0279863,1/8/2016 14:28,40.76636124,-73.96009827,40.76393509,-73.96461487
id2607261,1/7/2016 17:29,40.762355799999995,-73.97922516,40.75616837,-73.97273254
id0311149,1/6/2016 12:30,40.76044846,-74.00277709999999,40.75601959,-73.9947052
id3484034,1/8/2016 21:49,40.72201538,-73.99728394,40.76670074,-73.95337677
id3385533,1/4/2016 0:13,40.8094101,-73.95307159,40.73363113,-74.00287628
id1106216,1/7/2016 8:30,40.74967957,-73.99211121,40.75922012,-73.98259735
id1091272,1/2/2016 9:17,40.78879929,-73.97631836,40.75098038,-73.99076843
id2587881,1/1/2016 3:47,40.748779299999995,-73.98298645,40.75352097,-73.91441345
id2073325,1/7/2016 23:21,40.76111984,-73.9868927,40.75914383,-73.97686768
id3432123,1/1/2016 11:26,40.74845123,-73.98834229,40.75507736,-73.97325897
id2906287,1/8/2016 19:50,40.73406601,-73.97750854,40.74661255,-73.98406982
id2803057,1/8/2016 16:40,40.78383636,-73.9801712,40.78157806,-73.98123932
id0524379,1/4/2016 8:19,40.76990891,-73.95737457,40.76657867,-73.96240234
id3763631,1/2/2016 18:31,40.73358154,-74.00637054,40.73532104,-73.99198151
id3828371,1/5/2016 6:54,40.77215576,-73.94989014,40.77148056,-73.95642853
id0013752,1/7/2016 20:50,40.7829628,-73.95287323,40.77800369,-73.95869446
id2879824,1/6/2016 13:42,40.73276138,-73.99958038,40.730819700000005,-73.98139954
id0172089,1/2/2016 22:19,40.7700119,-73.98192596,40.72409821,-73.98490906
id1255824,1/7/2016 0:09,40.70370102,-74.00971985,40.70639038,-74.00937653
id1758154,1/8/2016 2:12,40.72610855,-73.98366547,40.71717453,-73.954216
id1513450,1/5/2016 20:26,40.75030136,-73.98748016,40.73796844,-74.00386809999999
id3878372,1/3/2016 18:11,40.77863312,-73.95605469,40.79789734,-73.95161438
id0840422,1/1/2016 11:00,40.75252151,-73.99694061,40.73023987,-73.98648834
id1668093,1/1/2016 6:18,40.8078537,-73.94555664,40.78614807,-73.94373322
id1776326,1/3/2016 8:04,40.7640686,-73.9764328,40.77524948,-73.98361969
id3205493,1/5/2016 16:06,40.75093842,-73.98677063,40.75717163,-73.97734833
id1495237,1/8/2016 11:38,40.73659134,-73.9888382,40.73523712,-73.97654724
id1734047,1/1/2016 11:31,40.76076889,-73.98529816,40.76181029999999,-73.9654007
id3498255,1/6/2016 11:58,40.78622055,-73.96877289,40.76257706,-73.9727478
id3283309,1/1/2016 1:55,40.75761414,-73.96907043,40.76103592,-73.97236633
id1865597,1/6/2016 17:30,40.77069855,-73.95985413,40.78473663,-73.94816589
id1942096,1/5/2016 19:04,40.74513245,-73.93663025,40.76207733,-73.9322052
id2312810,1/8/2016 18:41,40.76432419,-73.96854401,40.77056122,-73.9582901
id2325145,1/8/2016 8:41,40.74432373,-73.97620392,40.74335861,-73.99252319
id0322072,1/6/2016 14:30,40.74634171,-73.97228241,40.76128769,-73.96681213
id3002890,1/6/2016 6:13,40.70626831,-74.01013184,40.75987625,-73.98979187
id0720684,1/7/2016 10:10,40.79032135,-73.97299194,40.79455566,-73.93984222
id0601015,1/3/2016 11:51,40.72386551,-73.9980011,40.74873352,-73.98834991
id2526362,1/5/2016 10:49,40.78329849,-73.97856903,40.76379013,-73.97335815
id2682086,1/6/2016 16:45,40.77861023,-73.9858017,40.802791600000006,-73.96713257
id1794423,1/7/2016 23:59,40.75020981,-73.98773956,40.79536057,-73.97152709999999
id0967624,1/5/2016 12:04,40.73077011,-73.98935699,40.72656631,-73.99044037
id2804041,1/8/2016 16:02,40.76027679,-73.96760559,40.77157211,-73.95926666
id2099521,1/1/2016 2:24,40.79231262,-73.97157288,40.77856827,-73.96135712
id3923370,1/4/2016 18:35,40.77929306,-73.98726654,40.77404022,-73.98831177
id3180278,1/4/2016 19:38,40.77344131,-73.98224640000001,40.78442764,-73.97116852
id0383870,1/3/2016 3:53,40.72785187,-73.98213959,40.71598053,-74.00408936
id2271145,1/6/2016 9:34,40.75281143,-73.98580933,40.73877335,-73.99151611
id3124876,1/7/2016 19:38,40.79104614,-73.97460175,40.77626801,-73.98243713
id2434038,1/1/2016 16:51,40.76120377,-73.98703003,40.74853516,-73.98878479
id3082620,1/6/2016 22:59,40.74729156,-74.00246429,40.74931717,-73.98176575
id0738117,1/3/2016 4:35,40.72963333,-73.98996735,40.72314835,-73.98255157
id1451267,1/1/2016 3:14,40.74486160000001,-73.98737335,40.79761124,-73.9697113
id1821127,1/6/2016 8:26,40.74343491,-73.9797821,40.76361847,-73.97943115
id3232156,1/3/2016 14:56,40.7407608,-73.9960022,40.76508713,-73.98239136
id0194430,1/2/2016 18:15,40.77013016,-73.95749664,40.75189972,-73.9707489
id3549169,1/2/2016 11:59,40.76475143,-73.95757294,40.75265121,-73.9752121
id1282864,1/2/2016 22:38,40.71872329999999,-73.95891571,40.75239563,-73.88571167
id1516282,1/5/2016 20:36,40.79478836,-73.9462204,40.78570938,-73.9763031
id3455491,1/1/2016 13:50,40.68972015,-73.96015167,40.68600082,-73.99424744
id0552787,1/1/2016 20:17,40.72597504,-74.00556183,40.74239731,-74.0042038
id3994987,1/3/2016 9:33,40.7502594,-73.99118805,40.76023865,-73.98058319
id1421309,1/8/2016 13:28,40.79029083,-73.96675873,40.76691818,-73.95386505
id0152436,1/4/2016 12:12,40.76708603,-73.96887207,40.77503204,-73.96305847
id1658907,1/7/2016 7:18,40.76200485,-73.96025085,40.78585434,-73.95526886
id1734671,1/2/2016 13:31,40.77087021,-73.96394348,40.77965927,-73.95591736
id1196069,1/1/2016 14:55,40.70773315,-73.93244934,40.65350342,-73.96395874
id0130552,1/1/2016 16:28,40.7503624,-73.98748779,40.73483658,-73.99081421
id0368397,1/7/2016 16:14,40.77761841,-73.96115875,40.77528763,-73.98363495
id0954786,1/8/2016 17:32,40.77223969,-73.95606995,40.76052094,-73.96488953
id1496437,1/4/2016 19:42,40.76185989,-73.9852066,40.75294113,-73.97776031
id1891827,1/8/2016 11:13,40.7143364,-74.01395416,40.7143364,-74.01395416
id1243023,1/1/2016 20:30,40.75073624,-74.00183868,40.74503326,-73.99163055
id3398054,1/8/2016 4:16,40.71411133,-73.95603179999999,40.73363113,-73.9546814
id2549718,1/5/2016 18:53,40.79224014,-73.96434784,40.78931046,-73.95462036
id1876407,1/8/2016 18:03,40.77127838,-73.86703491,40.78531647,-73.73125458
id1313308,1/7/2016 8:15,40.8025589,-73.95092773,40.79773331,-73.96964264
id3006404,1/4/2016 7:04,40.77788925,-73.94576263,40.74361038,-73.97299194
id2077746,1/2/2016 19:11,40.74451828,-73.99892426,40.73403168,-73.98652649
id3846647,1/6/2016 19:46,40.71931458,-73.98484039,40.76769257,-73.95326996
id1702489,1/4/2016 14:30,40.76613998,-73.95435333,40.75196075,-73.97560883
id3114624,1/6/2016 15:25,40.77541733,-73.98419189,40.74363327,-74.00752258
id2521315,1/1/2016 11:42,40.78181839,-73.94880676,40.76834869,-73.86168671
id3170988,1/2/2016 15:39,40.76968765,-73.96478271,40.76768875,-73.95581818
id0167805,1/1/2016 15:41,40.75019073,-73.99127197,40.75925064,-73.99725342
id2618082,1/5/2016 18:04,40.77896881,-73.96230316,40.80530167,-73.93968964
id1425577,1/6/2016 10:59,40.78754044,-73.97515869,40.80725098,-73.96624756
id0074827,1/8/2016 8:32,40.73051071,-73.98046875,40.76091003,-73.9753418
id0586691,1/7/2016 20:25,40.73991776,-73.99329376,40.74584579,-73.97844696
id3463276,1/7/2016 19:59,40.749481200000005,-73.99497986,40.73366165,-73.97673798
id3984091,1/6/2016 12:22,40.740215299999996,-73.99491119,40.73232269,-74.00034332
id0819992,1/4/2016 20:27,40.74187469,-74.00379181,40.75046539,-73.99471283
id3239601,1/3/2016 16:00,40.76854706,-73.98901367,40.80020142,-73.9695282
id3292746,1/1/2016 23:51,40.75921249,-73.9647522,40.77732086,-73.9489975
id1538585,1/3/2016 2:34,40.69661331,-73.95657349,40.69661331,-73.95657349
id3034305,1/2/2016 1:43,40.72571564,-73.98671722,40.74793243,-73.97348022
id0499916,1/2/2016 0:20,40.72719955,-73.98268127,40.73492432,-73.97991943
id3884368,1/6/2016 12:44,40.74216843,-73.9746933,40.74465179,-73.9967804
id2318050,1/4/2016 7:24,40.788154600000006,-73.97666931,40.78905106,-73.97056579999999
id1058909,1/3/2016 7:44,40.74454117,-73.98606873,40.74451447,-73.92980194
id0362038,1/1/2016 16:58,40.73960876,-74.00256348,40.76525116,-73.96949768
id2046867,1/1/2016 21:09,40.75204849,-73.97711182,40.74621582,-73.97943878
id2475232,1/7/2016 18:52,40.76459122,-73.9798584,40.77040863,-73.95822906
id3758007,1/7/2016 22:30,40.75187683,-73.9749527,40.76530838,-73.96208954
id3038034,1/3/2016 2:13,40.76097107,-73.97918701,40.75616837,-73.98458099
id1916646,1/1/2016 13:40,40.75867844,-73.96858215,40.76138306,-73.96064758
id1208733,1/4/2016 17:54,40.76085663,-73.96297455,40.70095825,-73.84119415
id1197589,1/7/2016 11:23,40.7640686,-73.96479034,40.76669312,-73.95749664
id1924907,1/5/2016 18:52,40.74358749,-73.99217224,40.73403168,-74.00281525
id2923123,1/4/2016 13:05,40.76931381,-73.86335754,40.75237274,-73.97959137
id3782779,1/6/2016 7:59,40.77497482,-73.9606781,40.78525543,-73.95487213
id3582773,1/1/2016 13:57,40.74026871,-73.98066711,40.75067902,-73.97322845
id1298820,1/7/2016 17:44,40.768142700000006,-73.95575714,40.78023148,-73.95507049999999
id1562960,1/2/2016 1:59,40.7186203,-73.98870087,40.75901031,-73.9704895
id1958472,1/2/2016 20:05,40.74324417,-74.00760651,40.75531769,-73.97428894
id1545598,1/1/2016 18:11,40.74981689,-73.97216797,40.74266434,-73.97749329
id0498644,1/4/2016 17:18,40.64479446,-73.78187561,40.68096161,-73.94444275
id1486288,1/4/2016 18:23,40.73984909,-73.99295807,40.76485062,-73.97664642
id3523890,1/4/2016 22:07,40.72924042,-73.99186707,40.73263168,-73.99373627
id2643413,1/6/2016 8:41,40.78594208,-73.97625732,40.78946304,-73.96629333
id0343958,1/6/2016 22:29,40.74325562,-73.99985504,40.72558212,-73.98808289
id0595046,1/5/2016 10:26,40.74983215,-73.9912796,40.74397659,-73.98957825
id3271045,1/8/2016 2:22,40.74134827,-74.00479126,40.72828293,-73.95236969
id3215342,1/6/2016 16:07,40.74077988,-74.00544739,40.73561096,-73.99237823
id3805600,1/4/2016 5:35,40.75603867,-73.99050903,40.76280975,-73.97364044
id2267460,1/7/2016 18:48,40.78120041,-73.97958374,40.77577209,-73.96066284
id1905758,1/6/2016 22:22,40.75307465,-73.97483063,40.71633911,-73.99597168
id3437055,1/3/2016 16:30,40.7669487,-73.95659637,40.78489304,-73.94632721
id1686025,1/1/2016 1:56,40.68054962,-73.93752289,40.68597031,-73.98230743
id1015475,1/2/2016 21:30,40.76296234,-73.97216034,40.775463099999996,-73.96271515
id2040987,1/6/2016 19:58,40.75133133,-73.99150848,40.74916458,-73.98213959
id3282889,1/5/2016 6:49,40.73477554,-73.98002625,40.75224686,-73.97541046
id1189799,1/5/2016 11:05,40.72828674,-73.99581146,40.73923111,-74.00102234
id2476651,1/6/2016 20:44,40.72249985,-74.00379181,40.72357178,-73.99658966
id3458277,1/2/2016 20:51,40.77939987,-73.95346069,40.8110199,-73.92530823
id2290506,1/6/2016 8:35,40.77737045,-73.98227692,40.82291794,-73.94174957
id1556865,1/3/2016 13:19,40.78638077,-73.97609711,40.75022125,-73.99478149
id1942491,1/2/2016 21:59,40.72890091,-73.98845673,40.74346924,-73.97679138
id3499472,1/5/2016 19:04,40.76296616,-73.99322509999999,40.75125885,-73.99097443
id2736220,1/6/2016 0:29,40.74509811,-73.98874664,40.75988007,-73.99167633
id3274465,1/1/2016 4:05,40.79401016,-73.97209167,40.81084061,-73.95289612
id2487950,1/7/2016 14:57,40.76874924,-73.98729706,40.79352951,-73.97461700000001
id3392677,1/8/2016 18:51,40.77378082,-73.87084961,40.72875977,-73.85051727
id3372433,1/2/2016 11:48,40.73679352,-73.97872162,40.72758484,-74.00240326
id2265309,1/1/2016 6:18,40.74462128,-73.99513245,40.72901917,-73.97544098
id0294385,1/1/2016 22:14,40.76764297,-73.98054504,40.75757599,-73.97357178
id2074325,1/3/2016 17:16,40.73537445,-73.9941864,40.72356033,-74.01056671
id1606874,1/8/2016 0:20,40.75307846,-73.98561096,40.77153778,-73.96450806
id2558026,1/8/2016 9:35,40.78302383,-73.98054504,40.70434189,-74.00819397
id1565391,1/2/2016 18:50,40.76419449,-73.97378540000001,40.76320648,-73.98462677
id2507603,1/6/2016 14:47,40.64385605,-73.79024506,40.77230453,-73.79846191
id1243735,1/2/2016 22:52,40.72193909,-73.98329163,40.73072052,-73.99037170000001
id1422519,1/1/2016 20:58,40.75053787,-73.9914093,40.74081802,-74.00753784
id0919502,1/3/2016 18:50,40.72166824,-73.99729919,40.73174667,-74.00102997
id1968169,1/6/2016 6:44,40.79204941,-73.97406769,40.76177979,-73.96908569
id3642179,1/6/2016 7:04,40.72953796,-73.99668884,40.73589706,-73.97885132
id3932258,1/2/2016 13:20,40.71141052,-74.01537323,40.77367401,-73.98375702
id2225139,1/5/2016 21:23,40.74435425,-73.98545074,40.73337936,-73.99005890000001
id1474656,1/8/2016 19:51,40.73799896,-73.99214935,40.752491,-73.97879028
id2440023,1/6/2016 19:14,40.75926208,-73.98091125,40.77545166,-73.95326996
id0303244,1/7/2016 11:24,40.75833511,-73.98108673,40.73833847,-73.98813629
id2255680,1/4/2016 20:01,40.77154541,-73.95056152,40.77363205,-73.95999146
id2982761,1/2/2016 21:03,40.73996735,-74.00614929,40.765911100000004,-73.98684692
id2791053,1/4/2016 6:54,40.77664566,-73.94676971,40.76432037,-73.95562744
id3642774,1/8/2016 17:30,40.74039078,-73.97579193,40.77516937,-73.95124054
id2106277,1/7/2016 10:36,40.72738647,-73.99342346,40.75166321,-74.00767517
id1707749,1/2/2016 17:45,40.77009964,-73.86347961,40.75395966,-73.99152374
id1860543,1/8/2016 19:28,40.72728348,-73.98558807,40.72324753,-73.98815155
id2610584,1/5/2016 19:08,40.73651123,-73.98898315,40.7946701,-73.93642426
id2389677,1/5/2016 11:53,40.76181029999999,-73.96842194,40.74286652,-74.00769806
id0310764,1/5/2016 5:26,40.74812317,-73.98161316,40.752933500000005,-73.9886322
id0226149,1/3/2016 15:42,40.77278137,-73.96036529999999,40.74898529,-73.99119568
id2878062,1/3/2016 0:01,40.68952179,-73.96959686,40.6751709,-73.95639801
id3837993,1/7/2016 19:56,40.74066544,-73.99281311,40.74930954,-73.98408508
id0253732,1/3/2016 10:00,40.745327,-73.97841644,40.74975204,-73.99153137
id2351939,1/3/2016 1:09,40.7604599,-73.98725891,40.77762985,-73.97905731
id3757231,1/2/2016 16:01,40.75333786,-73.96669006,40.75522232,-73.9781723
id3677951,1/4/2016 21:30,40.76409912,-73.97376251,40.741279600000006,-73.98796844
id3286266,1/3/2016 14:59,40.74652863,-73.99751282,40.75011826,-73.98766327
id2215977,1/1/2016 10:51,40.75958633,-73.96795654,40.75786209,-73.96401978
id0471932,1/1/2016 18:33,40.732349400000004,-74.00793457,40.777175899999996,-73.952034
id0043951,1/2/2016 4:25,40.67477036,-73.98165894,40.68563843,-73.95513916
id2979015,1/1/2016 2:56,40.74598694,-73.98219299,40.70487595,-74.0157547
id0549640,1/5/2016 19:01,40.773956299999995,-73.87358856,40.74778366,-73.97525787
id0067618,1/6/2016 9:55,40.77002335,-73.96869659,40.76117706,-73.97742462
id2330529,1/1/2016 0:11,40.72965622,-73.980896,40.72343445,-73.97625732
id3445346,1/4/2016 12:25,40.78633118,-73.94246674,40.76849365,-73.86190796
id3821602,1/6/2016 6:50,40.73928452,-73.98018646,40.75762177,-73.97253418
id2135677,1/8/2016 19:06,40.73847961,-73.98027039,40.73028946,-73.98429108
id0129726,1/6/2016 8:07,40.77661896,-73.94956207,40.83124924,-73.90245056
id0964643,1/5/2016 16:10,40.71098709,-74.0091095,40.75773621,-73.97573853
id1108990,1/8/2016 7:34,40.64477158,-73.78195953,40.75687408,-73.86442566
id1995870,1/4/2016 8:10,40.75245667,-73.97551727,40.70180511,-74.01111603
id2334698,1/7/2016 16:56,40.74420929,-73.97315216,40.73845673,-73.98352051
id2171722,1/6/2016 13:16,40.76580429,-73.98022461,40.76211166,-73.98687744
id2929932,1/4/2016 14:32,40.77309799,-73.96239471,40.77725983,-73.9593277
id0283889,1/4/2016 23:45,40.77536774,-73.96377563,40.75559235,-73.99177551
id2975610,1/7/2016 22:44,40.76131821,-73.97084808,40.76642609,-73.96368408
id3293255,1/1/2016 4:20,40.76042175,-73.96794128,40.78100967,-73.95149231
id1642702,1/4/2016 20:18,40.72084045,-73.99767303,40.73525238,-74.00135803
id1294461,1/5/2016 23:25,40.74440002,-73.9552002,40.71575928,-73.80983734
id3912850,1/8/2016 14:12,40.75658417,-73.97209167,40.76448441,-73.95854187
id1968484,1/4/2016 10:34,40.78021622,-73.95687866,40.76250458,-73.96865845
id2829922,1/6/2016 19:32,40.76195908,-73.98657227,40.77571869,-73.95012665
id1247926,1/2/2016 23:52,40.69691849,-73.93440247,40.69974136,-73.92019653
id2471863,1/6/2016 21:53,40.7671051,-73.97077179,40.74677658,-73.9799118
id3431117,1/2/2016 15:53,40.7625351,-73.97439575,40.75025558,-73.9914093
id0955959,1/1/2016 1:42,40.75622177,-73.98321533,40.75173569,-73.98575592
id2453161,1/2/2016 10:57,40.75223541,-73.97786713,40.78041458,-73.9727478
id0425838,1/6/2016 17:05,40.73859787,-73.98623657,40.74422455,-73.9890976
id3009106,1/4/2016 18:20,40.74955368,-73.981987,40.75976944,-73.9756546
id2101839,1/4/2016 20:21,40.64182281,-73.78920746,40.68686295,-73.95830536
id3852009,1/4/2016 16:33,40.64476395,-73.78186798,40.70716095,-73.94491577
id3778396,1/4/2016 18:07,40.71737289,-73.95613098,40.71633148,-73.94036865
id0306913,1/3/2016 23:06,40.76063156,-73.99859619,40.76579666,-73.99103546
id1211180,1/2/2016 7:33,40.80072021,-73.96801758,40.80456161,-73.93782806
id3866861,1/6/2016 12:50,40.74858856,-73.98452759,40.71319962,-74.0135498
id2018193,1/4/2016 20:05,40.76553726,-73.98305511,40.76885605,-73.95233154
id3886535,1/6/2016 17:28,40.646541600000006,-73.79013062,40.80757904,-73.94291687
id2657794,1/2/2016 8:27,40.76524734,-73.97657776,40.7783432,-73.96063232
id2519164,1/6/2016 10:23,40.74980164,-73.98149109,40.7612114,-73.97773743
id2279699,1/5/2016 17:27,40.77619934,-73.94391632,40.76662445,-73.96269989
id1066328,1/6/2016 15:42,40.72103882,-73.99659729,40.75143814,-73.97824097
id3000471,1/3/2016 14:48,40.75152969,-73.99044037,40.75662994,-73.97447968
id1877604,1/1/2016 18:19,40.75692749,-73.97406006,40.72787094,-74.00149536
id0563894,1/8/2016 5:23,40.75901031,-73.97662354,40.7740593,-73.87345886
id2396957,1/2/2016 20:04,40.75421143,-73.97380066,40.75688934,-73.98135376
id1447798,1/1/2016 21:15,40.77219772,-73.98268890000001,40.74212265,-74.00406647
id0960527,1/8/2016 11:42,40.73381042,-73.98680115,40.75524902,-73.97754669
id0128166,1/7/2016 13:45,40.64471054,-73.78184509,40.75400543,-73.99241638
id1759016,1/1/2016 3:09,40.67176819,-73.98416901,40.6757164,-73.98101044
id0736655,1/5/2016 7:35,40.74693298,-73.98471069,40.75104523,-74.00551605
id0034503,1/4/2016 10:09,40.77155304,-73.96139526,40.76300812,-73.97399902
id3429204,1/6/2016 21:30,40.7713623,-73.98200226,40.79247284,-73.96643829
id1685367,1/2/2016 22:06,40.75524521,-73.98616791,40.68862534,-73.99947357
id3443864,1/1/2016 10:21,40.77302551,-73.9254303,40.77302551,-73.9254303
id2777153,1/7/2016 19:30,40.77219009,-73.95873259999999,40.76269531,-73.96780396
id0345717,1/6/2016 10:49,40.74778748,-74.00419617,40.75638199,-74.00130463
id3245066,1/7/2016 10:36,40.74409103,-73.98557281,40.75214005,-73.97973633
id3780283,1/1/2016 6:57,40.71335983,-73.95826721,40.70767975,-73.93280029
id2322137,1/4/2016 10:48,40.75096129999999,-73.99422455,40.74398041,-73.98974609
id1285290,1/1/2016 1:18,40.68809891,-73.96578217,40.68312073,-73.94480133
id0982501,1/2/2016 22:28,40.71434021,-74.01541138,40.70269394,-74.01435852
id0765653,1/7/2016 6:30,40.77011108,-73.91815948,40.75579834,-73.97264862
id3465355,1/8/2016 6:19,40.6965065,-73.81284332,40.75131989,-73.98497009
id2657204,1/1/2016 21:54,40.76528549,-73.98389435,40.765857700000005,-73.95728302
id1411478,1/4/2016 8:59,40.76792145,-73.95610809,40.71382141,-74.01457214
id2640564,1/1/2016 12:57,40.76264572,-73.99682617,40.73978424,-73.98252106
id3552592,1/6/2016 23:13,40.72015762,-73.98862457,40.75594711,-73.96447754
id1548952,1/6/2016 9:46,40.723628999999995,-73.98823547,40.73811722,-73.98146820000001
id0250016,1/4/2016 8:30,40.77130127,-73.96347809,40.79225159,-73.96386719
id0993694,1/1/2016 17:48,40.73044968,-73.99996948,40.74129868,-73.99033356
id3517852,1/1/2016 15:33,40.74951935,-73.99199677,40.79056931,-73.94622803
id3883094,1/3/2016 4:45,40.76050949,-73.98760223,40.7756691,-73.98050690000001
id2519944,1/8/2016 8:04,40.74127197,-74.00137329,40.72875595,-74.00022125
id0696924,1/6/2016 9:14,40.71481323,-74.00991821,40.70283127,-73.9907074
id0411812,1/3/2016 15:06,40.74461746,-73.98104858,40.73944855,-74.00164032
id2949623,1/5/2016 21:46,40.75071335,-73.99060822,40.75169754,-73.97975922
id1707847,1/4/2016 3:02,40.79021835,-73.9521637,40.81435394,-73.91337585
id2389965,1/2/2016 18:26,40.75424576,-73.99404907,40.73471451,-73.99081421
id1681487,1/3/2016 10:51,40.727470399999994,-73.97633362,40.75365067,-73.99473572
id3599911,1/7/2016 8:43,40.7757988,-73.97635651,40.76519012,-73.9792099
id2368655,1/3/2016 11:37,40.80314636,-73.96777344,40.72929764,-73.98712921
id3057165,1/3/2016 2:15,40.72729492,-73.98455048,40.77416611,-73.98290253
id1884295,1/1/2016 4:37,40.7611084,-73.90206909,40.74945831,-73.86686707
id1781008,1/1/2016 0:08,40.73451996,-73.9921875,40.76549149,-73.99117279
id2837061,1/1/2016 17:53,40.75572586,-73.98628235,40.7299614,-73.97514343
id3859156,1/6/2016 13:32,40.80056381,-73.97425842,40.84447098,-73.94360352
id1871993,1/4/2016 19:26,40.76647949,-73.96266174,40.77819061,-73.95239258
id0533993,1/6/2016 22:22,40.72613144,-74.00920868,40.7059021,-74.00817108
id0629689,1/6/2016 16:29,40.70430756,-74.00926208,40.71776962,-73.99682617
id3270532,1/3/2016 18:53,40.78278732,-73.94808959999999,40.7758522,-73.95322418
id1220956,1/6/2016 22:24,40.77500916,-73.96502686,40.76420593,-73.98059082
id2027570,1/8/2016 17:56,40.7503624,-73.99160767,40.69532013,-73.99598694
id0921258,1/1/2016 17:19,40.76071167,-73.98710632,40.75207138,-73.99308014
id0298569,1/8/2016 21:46,40.76064301,-73.9733963,40.72430801,-73.97871399
id0989067,1/2/2016 19:40,40.77561569,-73.96318054,40.78181076,-73.95597839
id2953836,1/2/2016 14:12,40.74840546,-73.97312927,40.72385788,-73.99110413
id3687747,1/8/2016 12:31,40.73396301,-73.98061371,40.74220657,-73.99288177
id1848907,1/5/2016 19:17,40.75905228,-73.96837616,40.77157593,-73.98257446
id2545739,1/8/2016 7:01,40.77331161,-73.94914246,40.76410675,-73.95437622
id1080870,1/4/2016 19:27,40.72925949,-74.00084686,40.78192902,-73.94577789
id2562466,1/2/2016 21:04,40.7678299,-73.96407318,40.74105835,-73.98583221
